"pcr_residual","PLS_residual","ridge_residual","lars_residual","SVMR_residual","mars_residual","KNNR_residual"
0.089813169584062,0.145557933579693,0.149777382157074,0.16100309889634,0.123044920303419,0.059971064237091,0.162
0.139813676363433,0.204860092812688,0.20856608802006,0.219578397870261,0.163417009745686,0.109971064237091,0.222
0.0498131773993603,0.0748373319686521,0.0792134694154055,0.0908082828616361,0.0589299916825199,0.0199710642370911,0.0944999999999999
0.129813213059082,-0.033611277866348,-0.0239958075856563,-0.0125513453556035,-0.0340593662605656,-0.132548217556882,-0.045
0.0298130859998595,0.118766485780426,0.122225939154696,0.132893507856209,0.0757448023115473,-2.89357629089659e-05,0.13
0.0898135174154102,0.176063917791625,0.178669529333358,0.188655249547228,0.12906896001713,0.059971064237091,0.1995
0.0198134527628632,0.106558420631566,0.109889467925577,0.119831621561668,0.0249374335409452,-0.010028935762909,0.105
0.00851872197198178,0.0442269680502194,0.0244970160077614,0.00647783959385773,-0.0135053078542865,0.0218366228476616,0.0379999999999999
0.00851900549084328,-0.0628666644944841,-0.0809141046605848,-0.0989766619134437,-0.063232911540679,-0.0481162079290833,-0.0715
0.0485186851546688,-0.0175070691263582,-0.0355625727253521,-0.0539068392082328,-0.0504867532955576,-0.0538765091951066,-0.0299999999999999
0.0185189228435649,-0.165689389447123,-0.1796240791316,-0.196765044486879,0.0345789166249802,-0.113127424123626,-0.1515
-0.0714810813115284,-0.0173714181981127,-0.0384209547477006,-0.0565518265581274,-0.101823639833974,-0.0581633771523383,-0.0509999999999997
0.0185187654470019,-0.164942243395822,-0.179276173734969,-0.197076604658086,0.0131820837559906,-0.113009711087539,-0.146
0.0285189055711186,0.0238111927836785,0.00470912642917953,-0.0132986438576005,-0.159153177328561,0.0418366228476617,0.0375516667000001
-0.165838548463793,-0.113696209024169,-0.10651442346618,-0.0998682754807591,-0.0584655986423256,-0.0297821570384512,-0.142
-0.205838283555415,-0.126226963701332,-0.119953879400273,-0.113086387078083,-0.0246124713997665,-0.0697821570384511,-0.1425
-0.185838344019921,-0.197323776159233,-0.18822345428268,-0.180655890080965,-0.0904493350515416,-0.13227263313291,-0.2005
-0.205838530342425,-0.127534163125721,-0.120479997005103,-0.113775862528634,-0.121477381021879,-0.0697821570384511,-0.1795
-0.14917148655268,-0.139692220776943,-0.132163507843158,-0.124693676095143,-0.0754453249933232,0.0239691861538374,-0.15737999955
-0.0870774956017627,-0.0054457764730631,0.00388730084747746,0.0075945514833432,-0.00524047163240215,0.0248846380677469,-0.0205
-0.0270777817149186,0.0158431535563444,0.0258013483258089,0.0303791979416984,0.0065906273273536,0.0848846380677468,-0.0135
0.102922160140529,0.0548989429366037,0.0649019772034609,0.0679665152148392,0.115274296337777,0.0991715060249782,0.0635
-0.00707771754202946,0.0522891140868056,0.0598935917682547,0.0630612530350441,0.0706430271140484,0.104884638067747,0.0459999999999999
-0.107077853112679,-0.0362726055595395,-0.028482522423718,-0.025367947585607,-0.0512757826769334,0.00488463806774686,-0.0700000000000002
-0.0783107753448439,-0.0531114459814251,-0.0518158524778723,-0.0481880873775941,-0.0373989010402342,0.00357953246848652,-0.0215000000000001
-0.0883102003735846,-0.0447416551772614,-0.0435486317935165,-0.0398012338490115,-0.0136708317216125,-0.00642046753151349,-0.00449999999999995
-0.198310510436466,-0.145642200658588,-0.145255308411965,-0.141406198974918,-0.111566675855099,-0.116420467531513,-0.1235
0.201689336322065,0.0167869741437024,0.0238894726007669,0.0280690229251236,0.0489372573492449,0.0493848079011028,0.0359999999999999
-0.148310359321607,-0.0835378301983251,-0.0834451904802189,-0.0807243821720446,-0.0925497194077719,-0.0664204675315135,-0.0785000000000001
0.0241614148552722,0.0626736265170799,0.0605613037983187,0.0572560600021178,0.0422404886418124,0.156534780491935,0.01
-0.0258385537701522,-0.0799927790883291,-0.0800197701134258,-0.0833170642453113,-0.0904219347103759,-0.00917835155083291,-0.0990000000000001
0.0241619898265315,0.0810434173212435,0.0788285244826745,0.0756429135307004,0.0227201193133005,0.156534780491935,0.0539999999999999
-0.11583856702336,-0.0511643275844724,-0.0534042697406045,-0.0566515270457575,-0.0257065183063272,0.0165347804919354,-0.0975
-0.168310608961748,-0.120818560767162,-0.120111673486296,-0.117540425920542,-0.110511913752547,-0.0957296740896114,-0.1405
0.0516896745571134,-0.00791219331186499,-0.00552279415464241,-0.00299492742784346,-0.00554487948055105,0.0108808514195037,-0.0389999999999999
-0.168310301521352,-0.0928973173534061,-0.0911859385753934,-0.0882970684541289,-0.0177682542940989,-0.0957296740896114,-0.125
-0.148310587634508,-0.111608387323999,-0.109271891097062,-0.105512421995774,-0.0757139849286026,-0.0757296740896114,-0.142
0.131689354220939,0.0774474020562608,0.0798287377805902,0.0820748952773673,0.0673913375758033,0.08855719386762,0.0790000000000001
-0.0583106011464499,-0.0415391623782028,-0.0406755862279643,-0.0377352419552462,-0.0101313816322122,0.0142703259103887,-0.0909999999999999
0.0516895272902358,0.0264862405266056,0.0287007808758352,0.0318604049245903,0.00684274927590856,0.0426758439185349,0.017
-0.178310705181628,-0.0917365673285887,-0.0922307490752051,-0.0899371395693475,-0.0691743666986644,-0.105729674089611,-0.1355
0.231689434513272,0.0600122277867973,0.0661151367709739,0.0689051298275141,0.0959011809084916,0.0694828340466017,0.055
-0.1883102611304,-0.11031257655523,-0.111219526310012,-0.109888275269654,-0.077580794764726,-0.115729674089611,-0.154
0.231689506733715,0.0446406538666314,0.0519906635660247,0.0551517419838614,0.0696175117940107,0.0538557602847355,0.0350000000000001
-0.174977017980766,-0.17139515787358,-0.169604475313705,-0.165224338025848,-0.105229812258,-0.0971258631428634,-0.19304833355
0.0316897057155096,0.077864889514568,0.0733393728012993,0.0734029216852295,-0.0304819612178274,0.0800502721751849,0.0265000000000001
0.121689989234371,0.0607712569698646,0.0579282521329529,0.0579484201779281,0.0194320999463028,0.0561691614050175,0.027
-0.0483099868440946,0.0257861329283237,0.0222651077122022,0.0226462791516429,0.041562595081191,5.027217518494e-05,-0.022
0.0216897270427494,0.0570750629577311,0.0541791551905337,0.0554309256099981,0.0226123396293606,0.0700502721751849,0.00950000000000006
0.201689906587093,0.027948532017226,0.0292182776619382,0.0301600376044924,0.00177841584930788,0.0140531508647305,-0.00549999999999995
-0.00830978750511979,0.0471670487475631,0.0421280786642858,0.0419782206591506,0.0168654847882788,0.0400502721751849,0.0165
-0.0883100975680008,-0.023733496733764,-0.0295785979541627,-0.0296267444667557,0.00473198338575631,-0.0399497278248151,-0.071
-0.0283103778686931,0.051073441715301,0.0457879297989218,0.0452933306450986,0.0306734031160183,0.0200502721751848,0.0169999999999999
0.0116900535468577,0.0883708737264995,0.0822315199775834,0.0810550723361175,0.0598165499406926,0.0600502721751849,0.0379999999999999
0.211688947620334,0.0296796937494341,0.0334734636599403,0.0315193534309723,0.00453293727855736,0.0261688103391253,0.0160000000000001
-0.0483111677511205,-0.00474781477959962,-0.00747341536901847,-0.0105277034701764,0.0318355482587389,0.00106426939144488,-0.0459999999999997
-0.0383112454359514,-0.0311245503642651,-0.0329693539423669,-0.0354325785229949,0.0240781850834412,0.0110642693914448,-0.0325000000000001
-0.11831130332177,-0.0633095344259448,-0.0658495295609911,-0.0689569040908276,0.0269877402898144,-0.0689357306085552,-0.0655000000000001
-0.101644292085638,-0.110230972499892,-0.110892177433696,-0.112486167175836,-0.0373838631200394,-0.0243204380237103,-0.0713383329999999
-0.105837653442921,-0.187687784428692,-0.183049917395198,-0.176091405544883,0.0270136277226189,-0.0519544638555666,-0.145
-0.0958379156345427,-0.081383978440826,-0.0767990143376176,-0.0686089001128127,-0.00118061778171674,0.072006482350281,-0.0714999999999999
0.154162263909801,-0.0405105093813311,-0.031759891866213,-0.0238797881183183,0.0122479933110029,0.0858439171582945,-0.026
-0.145837929146484,-0.15131475349503,-0.14820270946852,-0.140831720072286,-0.0651005209906754,0.0220064823502809,-0.131
-0.175837740245293,-0.132192538132321,-0.130556767482314,-0.123666570189566,-0.179834342616274,-0.00799351764971901,-0.1635
-0.0958378007097986,-0.143289350590222,-0.138826342364721,-0.131236073192449,-0.0681909228250299,-0.00999922774510453,-0.1335
-0.145838033181662,-0.0815121584454161,-0.0797578723157611,-0.0730336176863867,-0.0465053204854052,0.0220064823502809,-0.101
-0.115837589130434,-0.0600881676720576,-0.058746649550568,-0.0529847533866933,0.0248573862821949,0.0520064823502809,-0.0299999999999999
0.164162178733681,-0.0451349372501961,-0.0355364596745312,-0.0279447361331778,0.0572644193019963,0.0803298521290194,-0.0295
-0.185837987032303,-0.14349973755671,-0.141082885087145,-0.134356045640118,-0.0916852275428832,-0.017993517649719,-0.1395
-0.185838012800623,-0.138781170611418,-0.138605945793329,-0.132369382046963,-0.0912256113422338,-0.017993517649719,-0.151
-0.105837942375061,-0.112361638341511,-0.108001567118069,-0.10063402694401,-0.0615339031954836,0.0620064823502809,-0.0840000000000002
-0.115838696748275,-0.0732175434783916,-0.0702991296268457,-0.0692708346539785,-0.0530741907491887,0.0812360462049264,-0.109
0.154161572315197,-0.014066269404565,-0.00494170994483739,-0.00270216418005398,-0.0253925861822742,0.11585537125806,-0.0164999999999998
-0.0958381217770156,-0.0348477526742279,-0.0320319089424899,-0.0308839811253958,-0.0101839576936813,0.101236046204926,-0.0389999999999999
-0.105838543056257,-0.0484937779335988,-0.0458885889737962,-0.0447492210812027,-0.0383586282653904,0.0912360462049264,-0.0614999999999999
-0.155838620741088,-0.134870513518264,-0.131384527547145,-0.129654096134021,-0.0607474500302314,0.0412360462049264,-0.1245
-0.145838492304402,-0.166845110613456,-0.162008160443345,-0.160058449254185,-0.0925366799925621,-0.0304981582658669,-0.159
-0.165838724776266,-0.0750679184686501,-0.0729396903943854,-0.0718559937481225,-0.0821149550114649,0.0312360462049264,-0.0865
0.144161414918634,-0.0233191233532641,-0.0145938045482064,-0.0130137243512607,-0.0109432613171816,0.10604650398692,-0.0454999999999999
0.144161487139077,-0.03869069727343,-0.0287182777531556,-0.0267671121949136,-0.0411521313499406,0.0903926704070943,-0.0414999999999999
-0.195838678626907,-0.127055497579944,-0.124264703165769,-0.123178421701854,-0.122559070029899,0.00123604620492646,-0.1565
-0.195838704395227,-0.122336930634652,-0.121787763871954,-0.121191758108699,-0.0799600559475636,0.00123604620492646,-0.1245
-0.032505164544228,-0.0161515253023194,-0.0109090487214577,-0.00965414081864291,0.00690253451677281,0.151746363135843,-0.0369966669
-0.225838388980324,-0.157861008072051,-0.15401020556413,-0.155345515962065,0.0168074356086135,-0.0312260841470352,-0.1295
-0.215838547928347,-0.126657183093115,-0.123906764250832,-0.126268664285098,0.00374807204661765,-0.0212260841470352,-0.1195
-0.215838945830216,-0.140068752977767,-0.136242999787409,-0.137639956538523,-0.0914782414798238,-0.0212260841470352,-0.175
-0.17917191188588,-0.1715140640682,-0.167717637948338,-0.168462969965632,-0.12363068595736,0.0367815287882671,-0.190973333
0.081689396673348,0.0175931686217732,0.024728605910644,0.0311894520133263,0.0265278898801924,-0.0251673264372297,0.00649999999999995
0.00168904496259792,0.035619169595308,0.0406612117576211,0.0468323989659664,0.0255900860942054,0.00894934149441762,0.0465
0.0116891344817264,0.0438969746096397,0.0509795089682248,0.0586719574453964,0.0728199785814182,0.0189493414944176,0.0190000000000001
0.0816892494064704,0.0519916024602438,0.0589521809411215,0.0660447843657602,0.0217611431062783,0.00683157484697061,0.0445
-0.0183109704297161,0.0578953533672096,0.0625882835766127,0.0685343624804969,0.0676167499058076,-0.0110506585055824,0.0729999999999998
0.148356090288123,0.135087115408049,0.137521918065299,0.142743937780951,0.245669374056247,0.0773309519068431,0.133036667
-0.138310716012793,-0.0960494281223949,-0.0992264149380038,-0.102495922598169,-0.0698270230367571,-0.141815129894831,-0.0710000000000001
0.0816889134598199,0.0419532139383771,0.0407973335611409,0.0383296092730427,-0.0194479454029899,-0.00316082860531541,0.0529999999999999
-0.0683113063763665,-0.00214303515465697,-0.00556656380336784,-0.00918081261222059,-0.0280801132022208,-0.071815129894831,0.00599999999999989
-0.0483116499527638,0.00236202732689994,0.00580950272612524,0.00285437455281967,0.139641889173398,0.045317625994943,-0.0844316666
-0.0170774389598073,-0.0364275301264941,-0.0283623016303466,-0.026814267907957,-0.0885736659810291,-0.000644131518603319,-0.0955
-0.197077415038273,-0.0814126541680352,-0.0740254460510974,-0.0721164089342422,-0.0373505296787752,-0.0670015070115773,-0.158
0.0229222407040183,0.0089320652416317,0.0169892303048861,0.0182555547972538,0.0133927981448039,0.0372853609456542,0.00299999999999989
-0.197077525762179,-0.0909322838301229,-0.0858691517174622,-0.0843894325526408,0.12229540723544,-0.0670015070115773,-0.1145
-0.0570775862266848,-0.0420290962880235,-0.0341387265998689,-0.0319589355555232,-0.18492688244481,-0.00877815445155539,-0.0565000000000001
0.192922320996351,0.0614968909721681,0.0732756292952698,0.0750857893474007,0.0164866741963536,0.0876868214543288,0.00499999999999995
-0.187077798317509,-0.0775209163092198,-0.0739183300284775,-0.0730922444100378,-0.0447114178549234,-0.0570015070115772,-0.1225
-0.117077727891947,-0.0611013840393129,-0.0533139513532176,-0.0513568893070842,-0.175019058802776,0.0129984929884227,-0.1045
-0.255838651150822,-0.215867493974076,-0.212431988426163,-0.210422880136487,-0.0730918873897752,-0.0410436470431623,-0.218
0.154161549720761,-0.0257838514714184,-0.0165530835655239,-0.0136657642172237,0.0293767133578848,0.133649762387387,-0.045
-0.195838454434332,-0.137465880222408,-0.135349959181625,-0.133452546288472,-0.0462658040646097,0.0189563529568377,-0.1295
-0.185838514898838,-0.218562692680309,-0.213619534064032,-0.211022049291354,-0.0747838154034131,-0.0527521262599466,-0.201
-0.195838747370702,-0.116785500535503,-0.114551064015072,-0.112819593785292,-0.0168844679564276,0.0189563529568377,-0.114
0.164161464544641,-0.0304082793402835,-0.020329651373842,-0.0177307122320832,0.04783354397313,0.128191928310493,-0.0495
-0.1258386565641,-0.117634980431598,-0.11279475881738,-0.110420003042915,0.0117844724126464,0.0889563529568377,-0.115
-0.0383112114916774,0.0168838640181163,0.0177138322083847,0.017823073589314,0.0395333913746722,0.0543456276143378,0.0115000000000001
0.121688819882898,0.0842174584127073,0.0871327582966405,0.087249949341885,0.0404345881040928,0.0986324955715692,0.0715000000000001
-0.0183110577996597,0.0516076295629091,0.0521243728614342,0.0523446871620898,0.0553239193018558,0.0743456276143378,0.00800000000000001
-0.0283111354844906,0.00523089397824372,0.0066284342880859,0.00743981210927136,0.00102887780662475,0.0643456276143378,-0.0395000000000001
-0.138310946583299,-0.0556468906590472,-0.055725623725708,-0.0553950380080096,0.0716104228788805,-0.0456543723856622,-0.0845
0.211688900175231,0.0567822841432438,0.0634191572870241,0.0640801838920319,0.0125848312343818,0.0681487426306733,0.0165
-0.118311226883991,-0.020839952209982,-0.0203590959726234,-0.0204749628961554,-0.00539678495608631,-0.0256543723856621,-0.0375000000000002
-0.108310795468441,-0.0135425201987837,-0.0139155057939617,-0.0147132212051364,-0.0121691234022776,-0.0156543723856621,-0.0669999999999999
0.0016888512869333,0.0341840091317629,0.0368295766385368,0.0376375052375471,0.0341040276202551,0.0943456276143378,-0.00449999999999995
-0.155837404909982,-0.219051669687547,-0.218893122938812,-0.216780464364946,-0.0871969035722039,-0.0973153942428334,-0.223
-0.235837181649473,-0.182655877909849,-0.184693296407479,-0.182750663883723,-0.129034119873734,-0.0635978338280501,-0.196
-0.165837602928714,-0.11630190316922,-0.118549976438786,-0.11661590383953,-0.09568418253157,0.00640216617194989,-0.1435
0.15416242726662,-0.0364988225090508,-0.0313796652181451,-0.0286337949532406,0.061550486877007,0.0752630404009237,-0.043
-0.265837405250042,-0.190957550090971,-0.193369916501962,-0.192497440192316,-0.125748681099064,-0.0935978338280501,-0.2145
-0.125837447546664,-0.121207260555867,-0.121178750400662,-0.117381440769127,-0.084819462056123,0.0696561484511228,-0.13331333325
-0.275837403367449,-0.233935613442372,-0.234875517376851,-0.231072167167508,-0.255415661411409,-0.0782719037853804,-0.2615
-0.305837120165615,-0.251785526234825,-0.252510014967137,-0.248466662750942,-0.254867978906464,-0.10827190378538,-0.262
-0.245837541444857,-0.195431551494196,-0.196366694998444,-0.192331902706749,-0.222072866556929,-0.0482719037853804,-0.236
-0.305837430228496,-0.242686071716153,-0.244216691585586,-0.240071627876849,-0.235814328073536,-0.10827190378538,-0.2725
-0.285837490693002,-0.313782884174053,-0.312486266467992,-0.307641130879731,-0.269197199131023,-0.169980754188673,-0.3115
-0.305837702783827,-0.23927470419525,-0.242265869896601,-0.238774439734246,-0.232147293985656,-0.10827190378538,-0.2725
-0.0383110189681138,0.00226735833379743,0.00537712085097641,0.00971470667310459,-0.0393654978514489,0.025313653724657,-0.045
0.0716892645507478,0.00517372578909403,0.00996600018263027,0.0142602051658033,-0.000941208322369547,0.02148489193901,-0.0409999999999999
-0.0183110111528155,-0.00845324327724384,-0.00518679189069171,-0.00048010936159959,-0.0161844558634521,0.045313653724657,-0.0669999999999998
-0.178310822251624,-0.119331027914535,-0.117540849904486,-0.11331495947888,-0.110640288268638,-0.114686346275343,-0.1465
-0.138311069038635,-0.0806382273389235,-0.078066967509316,-0.0740044349294322,-0.0564401755444153,-0.074686346275343,-0.0940000000000001
-0.118311094806954,-0.0559196603936317,-0.0555900282155009,-0.0520177713362776,-0.0393688323740864,-0.054686346275343,-0.1025
0.0229228033306513,0.0469236326664639,0.0509925196335055,0.054534277933636,-0.0170996128051624,0.0427071396904295,0.035
0.192923072394123,0.00607490674029049,0.0163499393155137,0.0211029484075605,-0.0359406705183254,-0.023424965459214,0.00499999999999995
0.0629229570226689,0.101647398211257,0.105403060286555,0.109055891506412,0.124317251469253,0.0827071396904295,0.0975
-0.0570769317609704,-0.00560712201069957,-0.00244693630058723,0.00131616633631237,-0.0476224599392568,-0.0372928603095705,-0.0115
-0.00707722469733973,0.0650732576762054,0.0683519588659657,0.0719491188394922,0.000630671178753262,0.0127071396904295,0.0439999999999999
-0.0570772120616626,0.00919981643836554,0.0129195914524972,0.0162362414481667,-0.048103466229646,-0.0372928603095705,0.0275
-0.047076845298659,0.0169917512895056,0.0205831202233784,0.0231743551536258,0.0148397689347215,-0.0272928603095705,0.0255000000000001
0.0729228661092619,0.0742237777801106,0.0801082640636575,0.084348709581869,0.0392507994036136,0.0927071396904295,0.0884999999999999
0.171688320226306,0.124042708596151,0.126273268678641,0.122815042380094,0.0684584279982258,0.100242933836564,0.0940000000000001
0.0216884425437475,0.0814328797463533,0.0812648832434351,0.0779097802002985,0.119134018284763,0.0659560658793323,0.0620000000000001
-0.0983114462398919,-0.0258216404756031,-0.0265851133437072,-0.029829944969801,0.0761898956480477,-0.0540439341206677,-0.0275
0.211688400518639,0.0466075343266879,0.0525596676690249,0.0496452769302405,-0.000252979380631568,0.0206054692962095,0.016
-0.14831135977758,-0.0632227671753981,-0.0635550568197416,-0.0679717561524876,0.00192913979103482,-0.104043934120668,-0.0815000000000001
-0.0283116483696595,-0.00599074068479311,-0.00402991297946254,-0.00679740172424437,-0.00107698799557543,0.0159560658793323,-0.056
0.0216890438360026,0.0505497304938807,0.0487316043498703,0.0468221612805763,0.05943677533116,0.0549407642257006,0.0289999999999999
-0.11831106107544,-0.0454518907485494,-0.0496596210417416,-0.0533154336843233,-0.0192355059520972,-0.0850592357742994,-0.0684999999999999
-0.158310694312436,-0.0876599558974095,-0.0919960922708605,-0.0963773199788643,-0.00869542132682455,-0.125059235774299,-0.101428571428572
-0.0483106138166002,0.0478509702708633,0.0502609391981734,0.0530027744411694,0.0056556495771376,0.0225401222442174,-0.0299999999999999
0.00168930232054099,0.0670817988825565,0.067758407740543,0.0697292115321114,0.0191904724524545,0.0725401222442174,0.004
0.121689041925691,0.08819568968053,0.0912756155541568,0.0933747381726654,0.0239755985664976,0.0768269902014482,0.07
-0.0283109713275167,0.0570241411843867,0.0578911159269779,0.0600402753722191,0.0470873063935023,0.0425401222442173,-0.0105000000000003
-0.0383106380781949,0.0609302139089806,0.061447290055774,0.062587939640084,0.102433045163384,0.0325401222442173,0.0439999999999999
-0.00831099709583671,0.0817427081296785,0.0803680552207932,0.0820269389653737,0.0871739687994938,0.0625401222442173,0.0399999999999999
-0.225838619011579,-0.179958434859532,-0.176442155601675,-0.175582546418663,-0.184999753427563,-0.0323819977248957,-0.21
-0.185838395434042,-0.142806362834083,-0.140018952148402,-0.139612751861307,-0.193162240520976,0.00761800227510434,-0.1645
-0.175838597684339,-0.140748261416369,-0.13560237321244,-0.133554542493894,-0.18948050978674,0.0176180022751043,-0.167
0.154161581860004,-0.0198747923568741,-0.0105632507410358,-0.00882543049939954,-0.012572397154059,0.112017480202494,-0.0274999999999999
-0.255838482759595,-0.282653633565765,-0.277629701239544,-0.27618171557353,-0.253294242269206,-0.144192542489691,-0.2925
-0.225838715231458,-0.140876441420959,-0.138561231190584,-0.137979260067468,-0.168684884053004,-0.0323819977248957,-0.157
0.164161424463441,-0.00912764630557317,-0.000215345344404816,0.000863009329393705,0.00407849439117397,0.122208791450602,-0.0215000000000001
-0.245838271180231,-0.169452450647601,-0.167550008425391,-0.167930395767774,-0.231893436372906,-0.0523819977248957,-0.2005
0.14168922703281,0.0694356635725687,0.0675081507059415,0.0623193360450129,0.0989643840417874,0.101388500158687,0.1085
-0.178310749045656,-0.115549460468972,-0.118154993714809,-0.122982804981272,0.02509234935259,-0.104858194766324,-0.071
0.201688906696636,0.134795258940694,0.132859682641174,0.127389158750224,0.121399866146064,0.159428673190908,0.1325
0.201689144385532,0.01661293861993,0.0187981762349267,0.0145309534715773,0.0198732679603642,0.0394095371192015,0.0115000000000001
-0.168310970985922,-0.127814569909104,-0.132148702794032,-0.137516103429572,0.00893049651064359,-0.0948581947663243,-0.13
0.141689079765932,0.103834097411039,0.101731725736419,0.0971746683974467,0.105524002833738,0.133285512626895,0.1205
-0.168311140070254,-0.100262151681995,-0.10463217162809,-0.110335753487817,0.00876824145453159,-0.0948581947663243,-0.0940000000000001
-0.178310708654703,-0.112964719670796,-0.118188581449428,-0.124574011796798,0.047662182853217,-0.104858194766324,-0.0819999999999999
-0.19831077330725,-0.132470216830855,-0.136968642857209,-0.143397639782358,0.0315712967008595,-0.124858194766324,-0.107
-0.118311061899329,-0.11523819034025,-0.11744349901693,-0.122223285354114,0.00511346932087908,-0.0448581947663242,-0.0925000000000001
-0.151644654167846,-0.127895198353245,-0.128749527912817,-0.134696518924217,-0.0819829404569036,-0.160928263604283,-0.13095499955
-0.0170771585233593,0.0447034450737572,0.0435825306186761,0.0400690427537642,0.00289565941420622,0.0189702072867082,0.0129999999999999
-0.0870768510829635,0.00262468848751274,0.00250826552957895,-0.000687599779822357,0.0205523161545248,-0.0510297927132918,-0.0515
0.132922804659328,0.0929694078971796,0.0935229418855624,0.0896843639516737,0.0671602708400342,0.05325707524394,0.0675
-0.017077150708061,0.0139828434627159,0.0130186178770079,0.00987422671906013,0.0186894398909331,0.0189702072867082,-0.026
-0.0470772547432388,0.0537854385123301,0.0514634550297671,0.047672329104959,0.0506474301361619,-0.0110297927132917,0.0155000000000001
0.202922884951661,0.0455342336277161,0.0498093408759462,0.0465145985018205,0.000614663423456729,0.00345308540118988,0.00900000000000001
-0.11707720859388,-0.0382021405989637,-0.0398615577416164,-0.0436500988487726,-0.065527346294327,-0.0810297927132918,-0.122
-0.137076875344558,-0.0442960678743699,-0.0463053836128203,-0.0511024345809076,-0.00960926581613331,-0.101029792713292,-0.0830000000000002
0.00292283606336274,0.0329359586162351,0.0332197602274588,0.0300719198473357,0.0132868674641569,0.0389702072867082,0.00200000000000011
0.0716889785106044,0.00952630322502879,0.0132199420023116,0.0134734721137674,0.0311253239677332,-0.00949200010240014,0.022
0.221688810687206,0.0320791504035251,0.0407333997229787,0.0416201415254722,-0.0469231390601977,0.00298698326577107,0.0180000000000001
0.0216886895784649,0.0348524493122101,0.0382682922794405,0.0389308507146401,0.0591084959418118,0.0543078571222797,0.0365
0.154161834535195,-0.0107464936412909,-0.00766459024711363,-0.0102876497317223,0.0310459650788967,0.119822191954759,-0.0534999999999999
-0.155838280836259,-0.0951740021703247,-0.0986114692760723,-0.102334706632871,-0.0830558002589663,0.0444386745529198,-0.168
-0.13583835852109,-0.11155073775499,-0.114107407849421,-0.117239581685689,-0.00345975067462478,0.0644386745529199,-0.132
0.154161677138632,-0.00999934758998999,-0.00731668485048254,-0.0105992099029291,0.0231240976670835,0.120012704147677,-0.023
-0.15583844992059,-0.0676215839432159,-0.0710949381101301,-0.0751543566911163,-0.0170742444249671,0.0444386745529198,-0.1245
0.154161749359075,-0.0253709215101559,-0.0214411580554318,-0.0243525977465819,0.0666725365603246,0.104409692666362,-0.0664999999999999
-0.185838416406908,-0.11373572181667,-0.116987583468045,-0.120763907253522,-0.0719042130707784,0.0144386745529199,-0.179
-0.0658381827372511,-0.0512459114104897,-0.0533313846863345,-0.0568212491024436,0.0296006995861432,0.13443867455292,-0.0389933333
-0.125837464511919,-0.0839355629547341,-0.0884364724017207,-0.087677963698112,-0.118650033353779,0.0661368128407257,-0.126
-0.18583737901179,-0.13827942898111,-0.14350444657004,-0.142967904679998,-0.144070007214035,0.00613681284072576,-0.2265
-0.245837267795429,-0.185533949203066,-0.191354443157183,-0.190707629850097,-0.125419160348294,-0.0538631871592743,-0.267
-0.205837560731799,-0.124853569516161,-0.13055554799063,-0.130074677346917,-0.100968520984032,-0.0138631871592743,-0.1815
-0.28583751458244,-0.226841148627455,-0.231880560762013,-0.231397105300649,-0.169290775894441,-0.0938631871592743,-0.295
-0.27583754035076,-0.212122581682163,-0.219403621468198,-0.219410441707494,-0.158882731047633,-0.0838631871592743,-0.275
-0.107076720610527,-0.0745379375679279,-0.0770059132198702,-0.0783131666111314,0.0434972348569085,-0.0254854596405967,-0.07
0.0329235629083349,-0.0416315701126314,-0.0424170338882165,-0.0437676681184329,0.0448038568566551,0.000635837887998036,-0.0279999999999999
-0.117076788802415,-0.0936055691390967,-0.0964844280412395,-0.098124721165793,-0.0107077610790172,-0.0354854596405967,-0.0684999999999999
0.192923480261056,0.00554570493473,0.00887299164076877,0.00844394930813147,0.0456018496152316,0.0385224097938693,-0.0089999999999999
-0.0670767127952283,-0.0652585391789691,-0.0675698259615383,-0.0685079826458356,0.000988926433304727,0.0145145403594034,-0.0719047619047618
-0.0470765843585427,-0.0872331362741607,-0.0881934588577389,-0.088912335765999,0.00226137112341029,-0.0474319875681577,-0.0952380952380951
0.192923322864493,0.00629285098603088,0.00922089703739987,0.00813238913692471,0.132774936107286,0.0387140390340973,0.019
-0.157076804194729,-0.091329385367195,-0.0945573562222478,-0.0964227576512624,-0.0100371647736641,-0.0754854596405967,-0.113
-0.197076770681047,-0.147443523240649,-0.150450001580163,-0.152032308213668,-0.0466193502151717,-0.115485459640597,-0.1325
-0.117076672441042,-0.0848608229864536,-0.0846350747812461,-0.082360770437849,-0.118098050755999,-0.023504329760109,-0.101
-0.0470767406329303,-0.0239284545576223,-0.0241135896026153,-0.0221723249925104,-0.0040537868659164,0.0464956702398911,0.00550000000000017
-0.0470766511138019,-0.0256506495432905,-0.0237952923920116,-0.0203327665130802,0.0110510444982451,0.0464956702398911,-0.0309999999999999
-0.117076664625744,-0.115581424597495,-0.115198987522914,-0.112555586472553,-0.0917420799670343,-0.023504329760109,-0.0960000000000001
-0.177076756025244,-0.111652270785721,-0.112186517783624,-0.11047036147798,-0.060432604725745,-0.0835043297601089,-0.071
-0.137076324609694,-0.0743548387745222,-0.075742927604962,-0.0747086197869609,-0.0761445564231481,-0.043504329760109,-0.0695000000000001
-0.127076748279883,-0.0730478417138827,-0.0756022238477234,-0.0740932484472312,-0.0492350436334851,-0.033504329760109,-0.0640000000000001
-0.117076962206089,-0.0662659439910942,-0.0632184772022645,-0.059998496644889,-0.112955284421693,0.00669425902951615,-0.0995000000000001
-0.197076654765693,-0.118344700577339,-0.114292742291362,-0.110755139178476,-0.108804070808324,-0.0733057409704838,-0.1705
-0.107076738628552,-0.0591138719656454,-0.056795273748992,-0.0540287020875335,-0.0477040615006397,0.0166942590295162,-0.114
-0.0870769408788488,-0.0470557705479311,-0.04237869481303,-0.0379704927201204,-0.0290467649900028,0.0366942590295162,-0.0914285714285714
0.192923238665494,0.0238176985115638,0.0326604276583745,0.036758619274374,0.000631417709963833,0.0813066135380925,0.00250000000000011
-0.167077058425968,-0.0771839505525215,-0.0753375527911735,-0.0723952102936944,-0.0948081795347037,-0.0433057409704839,-0.1065
0.212923081268932,0.0445648445628646,0.0530083330550056,0.0564470591031672,0.038119379066049,0.101497751927142,0.0175
-0.267077012276609,-0.199171529663815,-0.196662565562557,-0.193717638247426,-0.187627504480377,-0.143305740970484,-0.249
-0.207076967619367,-0.188033430448616,-0.183581247593482,-0.179995619551318,-0.148919909915282,-0.0833057409704838,-0.231
-0.203743573911037,-0.181524598577396,-0.176685050643096,-0.173086636668086,-0.151248290924828,-0.107684370265558,-0.19826500025
0.00168942560018848,0.0666843507070239,0.0631106446903135,0.0620105128400784,-0.0827724488974408,0.0218494202493985,0.019
-0.0483102669594156,0.0446055941207796,0.0420363796012164,0.0412538703064917,0.0102573066524247,-0.0281505797506014,-0.0154999999999998
0.221689626471772,0.0667679932096819,0.0689895495509524,0.0687676287593414,-0.00866306278280099,0.00595158795306672,0.0260000000000001
0.0816895618521724,0.0739891520007911,0.0719230990524447,0.0714113436852107,0.0165339939082564,0.0199356367007804,0.0610000000000001
-0.0383106706196911,0.0657663441455968,0.0609915691014045,0.059613799191273,-0.0334067045543724,-0.0181505797506015,0.00500000000000012
-0.0483102265684633,0.0471903349189554,0.0420027918665976,0.0396626634909665,-0.027620685928253,-0.0281505797506014,-0.0299999999999998
0.211689541295652,0.0421435653408169,0.0452129817426343,0.0447026807444819,-0.0443872548592735,-0.0195450861601028,0.0195000000000001
-0.0583106244703322,0.0237787650343031,0.0196665563300211,0.0182913712375415,-0.0392365029756824,-0.0381505797506014,-0.0685
-0.0283102912210105,0.0676848377588969,0.063222730458817,0.0608390355054065,0.0921321984278961,-0.00815057975060152,0.0369999999999999
-0.0770772748770131,-0.0477587769060408,-0.0455934003428895,-0.0469936892474204,0.00559373426637499,0.0433424281703874,-0.0305
-0.0370772107041241,0.00868718362442034,0.00849884309955629,0.00568836584592514,0.159144465501372,0.0833424281703873,-1.11022302462516e-16
-0.127077392424133,-0.0478869569106311,-0.0485522583210329,-0.0514184068209945,0.0388624809777461,-0.00665757182961269,-0.0350000000000001
-0.117077013025452,-0.045968463297331,-0.0463210969636203,-0.050193170506861,0.10287298819617,0.00334242817038732,-0.0380000000000003
-0.048310387307037,-0.00713488397195339,-0.0112132274224089,-0.0115756787639177,-0.115039713624274,0.00285847218943525,-0.0614999999999999
0.0116896205082613,0.0221445144170054,0.0182228598359229,0.018229505201378,0.00816690968995992,0.0628584721894352,0.001
-0.138310463145878,-0.0753219026993825,-0.0821803764888862,-0.0833081567733001,-0.0824599063426663,-0.0871415278105648,-0.1135
-0.237076821031723,-0.184181942410333,-0.182124140208071,-0.178620181845551,-0.230631957837171,-0.100917224936966,-0.2205
-0.0270765375128618,-0.0812755749550366,-0.0775352608764172,-0.0740746833528522,-0.0315722367554943,-0.00423802144793683,-0.106
-0.277076513591327,-0.196260698996578,-0.193198405297168,-0.189376824379137,-0.171699824071987,-0.140917224936966,-0.2495
-0.257076597454186,-0.207029870384884,-0.205700936754798,-0.202650387288195,-0.190899605190823,-0.120917224936966,-0.2535
-0.247076917251603,-0.15509994897176,-0.15424321579698,-0.151016895494356,-0.163170371313209,-0.110917224936966,-0.2085
0.192923222443297,0.0266488461436256,0.0341026700491991,0.0378253739025055,0.0213461682981708,0.0944374897904915,0.0079999999999999
-0.24374320673309,-0.23233675859626,-0.230157590982877,-0.225683288705368,-0.30226802550058,-0.0733001195656072,-0.2645383336
0.0616879290108017,0.117707762226082,0.125105264171018,0.126926179376114,0.0810424023496706,0.105026320784924,0.109
0.0216882364511974,0.105629005639838,0.114030999081921,0.116169536842527,0.0685069131210895,0.0650263207849242,0.109
0.101687860818913,0.148640130654914,0.155626749349648,0.157114624821452,0.112326358153172,0.145026320784924,0.1145
0.101687950338042,0.146917935669245,0.155945046560252,0.158954183300882,0.0445959237965747,0.145026320784924,0.1355
0.0316884357901724,0.0970099214590773,0.103893970034004,0.105501478350035,0.0832978911962193,0.0750263207849242,0.1175
0.0916880145109307,0.153363896199706,0.160037290002698,0.161636238394228,0.215419251440118,0.135026320784924,0.1785
0.0616879368261,0.0869871606150411,0.0945413514293496,0.0967313633414092,0.0787797365409061,0.105026320784924,0.0765000000000001
-0.0383118742727087,0.0361093759777501,0.0421872934155556,0.0438965132241281,0.169474438233977,0.00502632078492415,0.093
0.0116878327909221,0.106789755664655,0.112986188582109,0.114529465727308,0.0826790168941148,0.0550263207849242,0.0905
0.221687972485822,0.0585385507800412,0.0713320744282878,0.0733717351241697,-0.048027612699389,0.0288930092601078,0.0295
0.0516882121896028,0.138708249277955,0.145217349939521,0.145754702041442,0.150676585087947,0.0950263207849242,0.153
0.0116900443870359,0.0907792064827896,0.085531893166132,0.0853959046868983,0.0817541500465403,0.0604911787444036,0.0465000000000001
0.0816902437260109,0.142160122302029,0.135394864118216,0.134727846194406,0.0724618277785315,0.130491178744404,0.112
0.0516898224467692,0.108514097042658,0.101538184086909,0.100862606238599,0.00325830729945698,0.100491178744404,0.0565
0.0616897447619384,0.082137361457993,0.076042245513561,0.0759577311857809,-0.00471788491683511,0.110491178744404,0.0395
0.141689873198624,0.120162764362801,0.11541861261736,0.115553378065617,0.0275793569832991,0.108834876892819,0.14
0.0416900847779884,0.123363947280966,0.115498305431513,0.113804697871373,0.046802632346127,0.0904911787444036,0.0594999999999999
0.154162455734096,-0.0328145115288282,-0.0325121187950935,-0.0323373018648432,-0.00793301476253466,0.083081677869713,-0.0335
-0.165837659637358,-0.127242020057862,-0.133458997824052,-0.134384358765992,-0.166341863258559,-0.00260069647431482,-0.186
-0.105837737322189,-0.103618755642527,-0.108954936397401,-0.10928923381881,-0.0249671114357832,0.0573993035256852,-0.117
-0.135837841357367,-0.0638161605929133,-0.0705100992446415,-0.0714911314329116,-0.0828060488781793,0.0273993035256852,-0.088
-0.045837750550765,-0.0446656404890082,-0.0487537940469497,-0.0490915406905347,-0.020299943002185,0.117399303525685,-0.0599999999999998
-0.0422611221363515,0.00236693005307409,-0.000883257897165812,0.00605594765221518,-0.0241304634662862,0.0234041126875357,0.0155000000000001
-0.0622606366842207,0.00245891584290603,-0.00293433442341373,0.00260324270136769,0.110459446501927,0.00340411268753571,0.00571428571428567
-0.0522611356482932,-0.0275638450011302,-0.0322869530280684,-0.0261668723072576,0.0169725317028832,0.0134041126875357,-0.012
0.0677389927883926,0.0504615579036782,0.0470894140757311,0.053428774572579,-0.0479031445617026,0.0509842324476457,0.0345000000000001
-0.0522611488768693,-0.028610729847611,-0.0320858106776175,-0.025969179178982,0.0252861595742465,0.0134041126875357,-0.00750000000000006
0.0347822705348937,0.0187469996435962,0.00782390375252029,0.0298424661029308,-0.00273174787603381,-0.0795769117936421,-0.0291883333500002
0.0747819844217379,0.0200359296730037,0.00973795123085186,0.0326271125612863,0.0324542781040724,-0.0395769117936421,0.00881166664999999
0.034782048594627,-0.00351810979653522,-0.0161698053267024,0.00530916765463185,-0.04209753309947,-0.0795769117936421,-0.03118833335
-0.0106010023804533,-0.0110427545473178,-0.0518333404434791,-0.0700537707115603,0.172813443354518,-0.0249983505129557,-0.000894999999999979
-0.0106007791199441,0.105353037230381,0.0623664860878537,0.0439760297696623,0.0258201571073691,-0.0249983505129557,0.012105
-0.0106010891828251,0.114452491749053,0.0706598094694051,0.052371064643756,-0.152107194197628,-0.0249983505129557,0.00860500000000003
-0.0206009380679666,0.116556862209317,0.0724699274011512,0.0530528814466291,-0.0682366745577885,-0.0349983505129557,0.014605
-0.0206010027205137,0.117051365049259,0.0736898659933708,0.0542292534610693,-0.110510465308691,-0.0349983505129557,0.014605
0.138449903521169,0.0190376113591784,0.011809427283667,0.0141901588216483,-0.00565082305730191,0.0643981596555205,0.0204266666799999
0.21844964312632,0.000151502157151928,-0.00467336490271925,-0.00216431453779775,0.0850458036626529,0.028685027612752,0.09853333335
0.158449880815216,-0.178030818163612,-0.178734871308967,-0.175022519816444,0.100423674772042,0.0843981596555206,0.03953333335
0.108449816195616,-0.0808096593725033,-0.0858013218074744,-0.0823788048905748,0.00028274210662782,0.0343981596555205,-0.00846666665000007
0.03844959635943,-0.0449059084655374,-0.0521652191719831,-0.0498892267758381,-0.0783972981969281,-0.0356018403444794,-0.07946666665
0.168449795639096,-0.182655246032478,-0.182511439117285,-0.179087467831304,0.0549712625399705,0.0943981596555206,0.0490333333499999
0.0184496298731118,-0.0810200463389913,-0.0880578645298981,-0.085498777338244,-0.0847509441578465,-0.0556018403444795,-0.0989666666500001
0.0684499631224337,-0.0171139736143975,-0.0245016904011019,-0.022951113070379,-0.0513178603729546,-0.00560184034447941,-0.04957333332
0.0584496745303547,-0.0898819471237925,-0.0949765465608229,-0.0917767586421357,-0.0892627827169333,-0.0156018403444794,-0.05946666665
0.0349667820842461,0.0896989993530146,0.0929233760360306,0.0989514258384855,0.11294105325014,-0.0730399532874099,0.101904761904762
0.0249664959710901,0.0409879293824222,0.0448374235143622,0.0517360722968407,0.0168970944152733,-0.0830399532874099,0.028
0.0749666755154335,-0.118138601558083,-0.110123454014233,-0.103534815708665,-0.0837792401470996,-0.270553257405148,-0.119047619047619
0.0649665601439794,0.0974338899128834,0.0989296669568079,0.104418127390187,0.159697080350913,-0.0430399532874098,0.116
-0.0250333286396601,0.020179369690927,0.0210796703696656,0.026678402220087,-0.00622840528910362,-0.13303995328741,0.033
0.0149666108958342,-0.0309174427669736,-0.0271899045127411,-0.0208911007827953,0.0119679682986699,-0.175514697518962,-0.0205000000000001
0.0749665903393136,-0.132763029426948,-0.123900021822551,-0.117599763723524,-0.0652627283617269,-0.286156055598016,-0.117
0.0249667578226513,0.0827782429911321,0.0841097268936314,0.0885365910374003,0.0751495740595033,-0.0830399532874099,0.0945
-0.0250336011949905,0.02359073721183,0.0230304920586504,0.0279755903626898,0.0361419182499353,-0.13303995328741,0.040952380952381
-0.283257655958143,-0.329381439856387,-0.323618240999354,-0.31968441556825,-0.141487778133551,-0.0748026029078011,-0.376
-0.283257632036609,-0.194366563897928,-0.189281385420104,-0.184986556594535,-0.0437779150084988,0.0387468094903252,-0.26
0.206742261394579,0.0477958351909747,0.0576717845296318,0.062527201858315,0.293693811537057,0.293437070489507,0.029
-0.293257931661706,-0.263008408922724,-0.258771033072675,-0.254424730095652,-0.0914392908256125,0.0287468094903253,-0.3015
-0.283258035696884,-0.18320581387311,-0.180326195919916,-0.176626627709754,0.0671402304549343,0.0387468094903252,-0.1915
0.206742103998016,0.0485429812422756,0.0580196899262629,0.0622156416871082,0.280753457868978,0.293628145617287,0.025
-0.283257656298203,-0.19128732025981,-0.188095034562504,-0.18540139139562,0.0664659335905383,0.0387468094903252,-0.226
-0.293258015315845,-0.210474826039112,-0.209174269397484,-0.20596239207033,-0.0499818236308829,0.0287468094903253,-0.231
0.0592647824354413,0.110423118854676,0.106325546818813,0.111403230343712,0.0911898793680178,0.0518949801922969,0.111
-0.000735328288464898,0.0409034891925881,0.0344818411524483,0.0391302067253139,-0.00532200739173894,-0.00810501980770317,-0.014
0.129264611247029,0.0798066767346874,0.0762122662700417,0.0815607037224315,-0.11824122605359,0.057082064616978,0.0685000000000001
0.0092643914108429,0.0657104276416532,0.0598483689055329,0.0640502818371682,-0.0181750402674273,0.00189498019229684,0.05
0.129264590690509,-0.0820389099252868,-0.0804978510397687,-0.0751479592182975,-0.23032584819492,-0.0770167317828583,-0.0715
0.0892644695817675,0.0807343889833981,0.0770370415166931,0.0821627499708705,0.0215684222193792,0.0818949801922968,0.0785
0.143064658594182,0.125886100174379,0.121411922329329,0.126183389425841,0.0138787947998016,0.135694980192297,0.16703833335
-0.141285040739928,-0.125047731718475,-0.133953697864803,-0.134854852442655,-0.103241086231706,-0.0740002370275605,-0.0935
-0.0212847572210665,-0.112141364263179,-0.11936481853315,-0.120309353949957,-0.0766783443847904,-0.068689545992784,-0.1165
-0.101285077557241,-0.186781768895053,-0.194013286597917,-0.195239531244746,-0.185430522295274,-0.149713369070329,-0.1935
0.0487151601316552,-0.154964089215817,-0.158074793004164,-0.158097736523392,-0.0749560667573682,-0.121672196651335,-0.118
-0.141284533960557,-0.11574557248548,-0.125164992001817,-0.126279553468734,-0.284982920162594,-0.0740002370275605,-0.156
-0.0912850329246297,-0.105768333329517,-0.114517610606471,-0.115049668477359,-0.135824422678516,-0.0240002370275605,-0.11
-0.00128490448794405,-0.0577429304247081,-0.065141243502672,-0.0654540215975227,-0.109436631562385,-0.0165300732141928,-0.037
-0.141285136959808,-0.0859657382799025,-0.0960727734537122,-0.0972515660914606,-0.0553448830263079,-0.0740002370275605,-0.0555
-0.131285124324131,-0.0818391795177423,-0.0915051408671808,-0.0929644434827861,-0.103228443754277,-0.0640002370275605,-0.0735
0.0487150749555354,-0.169588517084682,-0.171851360812482,-0.172162684538252,-0.0125433031047528,-0.137285417291284,-0.131
-0.131285090810449,-0.0979533173911962,-0.107397786225096,-0.108573994045192,-0.102134476727245,-0.0640002370275605,-0.094
-0.111285116578769,-0.0732347504459044,-0.0849208469312805,-0.0865873304520375,-0.1354385901987,-0.0440002370275605,-0.0994999999999998
0.0453151428592088,0.0211364930149838,0.0128584125566148,0.0119686641058866,0.15214502622978,0.112599762972439,0.0706966666999999
0.248827413671778,0.275481334375028,0.272880146090097,0.272541833330068,0.258692982229715,0.102287843555943,0.266
0.268827477844667,0.311927294905489,0.306972389532543,0.305223888423413,0.288222399838899,0.122287843555943,0.286
0.238827400159836,0.245550559320823,0.241476450959195,0.240319013370595,0.214589279833994,0.0922878435559426,0.2445
0.298827528596522,0.263575962225632,0.260852818062994,0.259914660250432,0.217304683296338,0.0704389102289341,0.266
0.228827296124659,0.305353154370437,0.299921288111954,0.298117115756494,0.340924879567299,0.0822878435559426,0.2845
0.278827675523339,0.347271647983737,0.342152449469366,0.339342352070627,0.333349182047641,0.132287843555943,0.318
0.0753172474742934,0.0935571931525191,0.0844309584879209,0.0751052661067813,0.00953568613047862,0.0558055727906224,0.074
0.0953174710518303,0.110709265177968,0.100854161941193,0.0910750606641366,0.0554992762295957,0.0758055727906223,0.1035
0.0653172688015333,0.0727673665956822,0.0652707408771553,0.0571332700315499,0.0333349128182818,0.0458055727906224,0.0745000000000001
0.0353172552895916,0.0228365915414779,0.0138670457462527,0.00491045007207702,0.0531697187543548,0.0158055727906223,0.0284999999999999
0.0553171974037726,0.0906516074797982,0.0809868701276285,0.0713861245042444,0.0738644360479489,0.0358055727906224,0.0839999999999999
-0.0302598308340359,0.00931285887118827,0.00861527719442989,0.042237118734878,0.00119944207471501,0.0464438957691206,-0.00149999999999995
-0.0202599146968947,-0.0114563125171184,-0.0138872542632005,0.0189635558258201,0.00311431265591255,0.0564438957691206,0.003
0.0497400625971516,-0.158524742039909,-0.154431552855834,-0.120249122812272,0.0772423029097045,0.126443895769121,0.0600000000000001
0.00974036850493909,0.0306937746904278,0.0284782481465136,0.0615690602423857,0.0410928662607454,0.0864438957691206,0.033
0.0197399979775523,-0.0413035832488,-0.0414980033543416,-0.0076054078864029,0.0458907647578144,0.0964438957691206,0.0335
0.0397399774210316,-0.183149169908774,-0.178208120664152,-0.144314070827132,0.0580758255363045,0.116443895769121,0.048
0.00266237832470517,-0.0261018268091081,-0.0271760142950549,0.00613961081700654,0.0364713879037769,0.0793662287691206,0.011267333
0.12669583377005,0.0738912607426701,0.0708169065946544,0.0549539924516272,-0.00709510425413407,-0.0562121030763808,0.1405
0.186695865144625,0.0412248551372611,0.0402358326829101,0.0243808682041982,0.018375642720622,-0.111925235119149,0.1335
0.0966958057420588,0.0920408857524116,0.0881763458271148,0.0723688333574833,0.0217111149041607,-0.0862121030763808,0.1735
0.106695851891418,0.0800533066411178,0.0768513330557313,0.0610464054037519,0.0341961583520718,-0.0762121030763808,0.152
0.0980335360677888,0.000839713090006189,-0.0145449695033222,-0.00830641209621874,0.0352423495079364,-0.0659606011889278,0.0269999999999998
0.0680332738761673,0.0671435190778727,0.0517059335542586,0.0591760933358513,-0.0315825531229351,0.011373824725848,0.0750000000000001
0.118033338049056,0.133589479608334,0.115798176996704,0.121858148429197,-0.0122866003258071,0.061373824725848,0.162
0.0680332603642256,0.0472127440236685,0.030302238423356,0.0369532733763785,0.0809349399200492,0.011373824725848,0.0750000000000001
0.0480331767100867,0.0797463269072806,0.0598990020985469,0.0654156114017004,0.0245430281145934,-0.00862617527415199,0.0984999999999999
0.136048980541823,0.0854515011824488,0.028733272430072,0.00157627602768151,-0.00332669684549869,0.0515304899594118,0.104
0.136048688772397,0.0792317975858313,0.02283155415543,-0.00420507308433549,0.031471189586894,0.0515304899594118,0.11
0.146048800439306,-0.120869782289041,-0.171463120765931,-0.197947962781618,0.0878519038524641,0.0615304899594118,-0.0385000000000001
0.126048681125445,0.100112410429571,0.0413429199103221,0.0138740034609437,0.0170649710228473,0.0415304899594118,0.141
0.176048751551008,0.096531942699478,0.0419472985855821,0.0156093585638975,0.0257761981356031,0.0915304899594118,0.115
-0.239623628432292,-0.151619608815033,-0.1487052102926,-0.150279721741426,-0.121948841211671,-0.113064951948332,-0.176
-0.219623712295151,-0.16238878020334,-0.16120774175023,-0.163553284650484,-0.154308439293372,-0.0930649519483324,-0.192
-0.219624004064576,-0.168608483799957,-0.167109460024872,-0.169334633762501,-0.166727716777386,-0.0930649519483324,-0.214
0.160376264998895,0.000542790273869442,0.00824795965713609,0.00723403671142331,-0.0133192152946344,0.0507109509619127,-0.0179999999999999
-0.25962401945689,-0.166332300028056,-0.16518238820588,-0.167632670247971,-0.146173437466687,-0.133064951948332,-0.1855
0.190376179822775,0.0159183624050044,0.0244713918488179,0.0231690886965637,-0.0156400893354615,0.0651928437599816,0.004
-0.259623985943209,-0.182446437901509,-0.181075033563795,-0.183242220810377,-0.147088999405699,-0.133064951948332,-0.2315
-0.159623941285966,-0.131308338686311,-0.12799371559472,-0.129520202114268,-0.106488529723244,-0.0330649519483325,-0.1895
-0.136157085273551,-0.11648996049533,-0.113952167782085,-0.115832895659298,-0.119863177247986,-0.00959828494833248,-0.16926333295
-0.0129640301934304,0.0627806351653727,0.0642086823879434,0.0509470180802852,-0.0845913768019202,-0.0760321981909429,0.0314999999999999
-0.00296431630658622,0.0340695651947802,0.0361227298662751,0.0237316645386406,-0.140029329079802,-0.0660321981909429,-0.001
0.0570356255488609,0.00312535457503971,0.0052233587439271,-0.00868101818821854,-0.0663370620104672,-0.121745330233711,-0.0135000000000001
0.0770361691455446,0.134161550984612,0.134071653340027,0.120278959587793,0.0147377430236734,0.0139678018090572,0.121
0.0070357478663029,0.0605155257252414,0.0602149733087208,0.0464137196319863,-0.0141788583570703,-0.0560321981909429,0.042
-0.0429641409173364,0.0232610055032851,0.0223649767215787,0.00867399446188688,-0.0752300747594908,-0.106032198190943,0.0069999999999999
0.137035705841194,-0.0343098196944239,-0.0284902422656892,-0.0418507836380718,-0.100077803503591,-0.121505387100653,-0.074
-0.0229644212180288,0.0580679439523502,0.057731504474663,0.043594069573741,-0.102079068836045,-0.0860321981909429,0.04
-0.0529640544550251,0.0258598788034903,0.0253950332455443,0.0105321832792001,-0.0998104105811628,-0.116032198190943,-0.0245000000000001
-0.0429644134726668,0.0266723730241882,0.0243157984105634,0.00997118260448981,-0.116691144537714,-0.106032198190943,-0.00949999999999995
0.00703565695289587,0.0230919052940951,0.0249201770858234,0.0117065377074435,-0.0896765349151354,-0.0560321981909429,-0.014
0.0478078625805151,0.00929637722048882,0.0206081221900396,0.0233440245834325,-0.0236758444522751,0.0555454323853782,0.00162666665
0.207808131643987,-0.0415523487056845,-0.0240344581279523,-0.0200873049426429,0.259096721722385,-0.0193817137726024,0.13962666665
0.0378080162725326,0.0140201427652816,0.025018662843089,0.0278656381562083,0.0276321821695248,0.0455454323853782,-0.0173733333499999
0.00780783455252398,0.0174460022302304,0.0279675614224998,0.0307588654892886,-0.00266956043321698,0.0155454323853782,-0.03387333335
0.0178082786037518,0.0188699930035889,0.028978784187693,0.0308077297889821,-0.0261986038655272,0.0255454323853782,-0.03487333335
-0.0121921450664372,-0.0198230099357717,-0.0108805120550685,-0.00857689887128821,-0.095420284264662,-0.00445456761462182,-0.06487333335
-0.0614930341598139,-0.024649472371626,-0.0201585791863842,-0.011615387193306,-0.0307786842647996,-0.011775215334449,-0.0349999999999999
0.00850699721476167,-0.047315877977035,-0.0407396530981285,-0.0321885114407351,-0.108432061431155,-0.0574883473772178,-0.0590000000000001
-0.121492459188555,-0.0662796815674623,-0.0618913585020283,-0.0532285336647235,-0.0822010698502255,-0.0717752153344491,-0.0805
0.138507077507095,-0.0347510522464985,-0.0244532541077449,-0.0153582768905882,-0.0479627013289492,-0.048258034922582,-0.042
-0.111493049552128,-0.0323732885997243,-0.0282315073673924,-0.0199134236787755,-0.0285466477124359,-0.0617752153344491,-0.013
-0.121492682789124,-0.0445813537485844,-0.0405679785965113,-0.0329753099733163,-0.0480330796991271,-0.0717752153344491,-0.0285000000000001
0.0285070286187967,0.0426506727420206,0.0489571652437678,0.058199044454927,0.0136633975589531,0.0782247846655509,0.0954999999999999
-0.0255594493687886,-0.0200642830669984,-0.0145346209435969,-0.00564698309010281,-0.054304426433984,0.0241581176655509,-0.0162650002500001
-0.0586325430189251,-0.120108960190644,-0.122950812752997,-0.136723982933638,-0.0726406978185947,-0.20746635845113,-0.1295
-0.0386325190973908,0.0349059157678144,0.0313860428262525,0.0179738760400771,-0.0241186887393244,-0.0881526438501581,-0.00950000000000006
-0.0786326029602497,-0.0358632556204922,-0.0411164886313778,-0.0552996868689807,-0.0959875685219442,-0.128152643850158,-0.091
0.0613676802415841,0.116286831587054,0.111249013778336,0.0973058175475849,0.071438540929431,0.011847356149842,0.092
-0.0786328766083073,-0.0159209133186619,-0.0209837804449429,-0.0349886230288731,-0.0435644590617872,-0.128152643850158,-0.0529999999999999
-0.0286325433589856,0.0479851594059318,0.0425723936838531,0.0275590412389919,0.0140133676593901,-0.0781526438501581,0.0294999999999997
0.291330386287464,0.336870425582352,0.333389450129145,0.323828658869175,0.167595161135033,0.231160171238883,0.286
0.311330349470151,0.255136388405775,0.253329861396031,0.243443980067084,0.169914287826397,0.135447039196114,0.2375
0.191330587159047,0.0169540680850101,0.0192683549897839,0.0105857747884378,-0.0160531626787726,-0.0735272712146699,0.0165
0.311330893066835,0.366172584815347,0.362178155992131,0.352403957843096,0.208995201459984,0.251160171238883,0.3115
0.291330471787593,0.342526559555976,0.338321475960825,0.328538717887289,0.188041977912639,0.231160171238883,0.3305
0.231330522539448,0.204175226876119,0.202201904491276,0.193229489714307,0.154698015467622,0.100083965522849,0.183
0.251330302703262,0.330078977783085,0.325838007126767,0.315719067829044,0.210347294810091,0.191160171238883,0.3065
0.191330501982928,0.00232964021614507,0.0054917871814657,-0.00347917322642183,0.00392732533106238,-0.0869736626455852,-0.0190000000000001
0.241330669466265,0.317870912634225,0.313501535897649,0.302657181534503,0.208470913939523,0.181160171238883,0.2955
0.241330380874186,0.25510293912483,0.253026679737928,0.243831535962746,0.133223218509033,0.181160171238883,0.2
0.0548305698866011,0.0599546503158113,0.0571015605505629,0.0475521754177165,-0.0706301656310989,-0.00533982876111716,0.0469200000999999
0.0448937153069359,-0.01591282497336,-0.012645047375343,-0.00793949819916029,-0.0370933956839973,-0.156511347507046,-0.033
0.0648936553656113,0.108332879596792,0.109189276746276,0.113484797865497,0.0296784853658828,-0.0373618948042737,0.076
0.0448933635961858,0.0821131760001748,0.0832875584716339,0.0877034487534796,0.0113058767516526,-0.0573618948042737,0.0715000000000001
0.0448934531153143,0.0803909810145065,0.0836058556822377,0.0895430072329096,-0.0158790761371574,-0.0573618948042737,0.0529999999999999
0.134893394970761,0.0794467703947658,0.0827064845598896,0.0871303245060505,0.0711203361069428,-0.0830750268470424,0.097
0.104893517288203,0.156836941544968,0.157698099124683,0.162225062326255,0.0789481214157012,0.00263810519572627,0.1555
0.0048936285045641,0.0695824213230113,0.0698481025375411,0.0744853371561558,-0.0162494269699792,-0.0973618948042737,0.0615
0.104893426374796,0.119413321113821,0.122403302901786,0.127517880401712,0.0437007329361602,0.00263810519572627,0.1055
-0.0555939073027194,-0.0725704589836861,-0.0811329994605592,-0.0872596253217837,-0.0462843236226702,-0.0206374950095052,-0.0899999999999999
-0.0255939987022202,0.0213586948280881,0.0118794702787314,0.0048255996727895,-0.00622266708858155,0.00936250499049474,0.0199999999999998
0.0244062005774456,-0.196390642738852,-0.19846674966657,-0.204372641382676,-0.170037851911119,-0.127050255104192,-0.1835
-0.0255939651885384,0.00524455695463411,-0.00401317507918353,-0.0107839508896165,0.0189634853489978,0.00936250499049474,-0.026
-0.0255936319392166,0.019150629679228,0.00954299904961253,0.00176371337824854,-0.00580283474350529,0.00936250499049474,-0.0140000000000001
-0.222492220700245,-0.10910512566252,-0.094874345223867,-0.0732077786916925,-0.0803071899971435,-0.0715349669960622,-0.183
-0.272492292098006,-0.131220884778404,-0.119158215973394,-0.098954924218998,-0.0940658750424815,-0.121534966996062,-0.2825
-0.272492317866326,-0.126502317833112,-0.116681276679579,-0.0969682606258434,-0.102159628694292,-0.121534966996062,-0.2645
-0.0724922474407628,0.0199172144367951,0.0339231019956814,0.0547670944771104,0.0826128068872785,0.0784650330039378,-0.124
-0.0647549352147786,-0.0252500931359562,-0.0320574278660472,-0.0322457109114428,-0.122915366116561,-0.0287859846845293,-0.0494999999999999
-0.0647547116372417,-0.0280980211105073,-0.0356342244127745,-0.0362759163540873,-0.0633254720888733,-0.0287859846845293,-0.093
0.125245265656805,-0.0551664506332983,-0.0561785230054082,-0.0554885949921798,-0.0448440462276535,-0.0757721052799837,-0.0675000000000001
-0.0947550187989811,-0.0220415409352233,-0.0296088708684247,-0.0303553019515738,-0.0347497280974267,-0.0587859846845293,-0.0469999999999999
-0.0847550110536193,-0.0234371118633853,-0.0330245769325245,-0.033978188920825,-0.0526673608401311,-0.0487859846845293,-0.0664999999999999
0.0678966179920177,0.108204076143835,0.125758843537111,0.127445039552307,0.0252307559524821,0.023589340115959,0.1095
0.207896901510879,0.141110443599132,0.160347722868765,0.161990538045005,0.0637984139399388,0.0520282171853564,0.103
0.0578968415695548,0.0953561481692842,0.112182046990384,0.113414834109662,0.0137185880287122,0.013589340115959,0.0849999999999999
0.0378965498001292,0.0691364445726667,0.0862803287157419,0.0876334849976451,-0.0275500960301154,-0.00641065988404099,0.00849999999999995
0.287896818863601,0.108287718646493,0.13163774839775,0.13420215547157,-0.135578809217369,0.0123999559965946,0.1075
0.00789670349214677,0.0538602101174596,0.0706908693687913,0.0721550985704209,0.00570872247256771,-0.036410659884041,0.0604999999999999
0.167896625807316,0.177483474532794,0.195194930795443,0.197250223517602,0.132759192653501,0.123589340115959,0.181
0.207896754244002,0.175508877437603,0.194571297899242,0.196845870397439,0.0453507481066847,0.0833105304925491,0.1515
0.017896965823366,0.0887100603557668,0.104650990713395,0.105097190203195,0.0210862767214506,-0.026410659884041,0.0660000000000001
-0.032103432078503,0.0252984904711144,0.0423147551768187,0.0437258979497698,-0.116663177406349,-0.0764106598840409,-0.00900000000000012
-0.022103098829181,0.0492045631957083,0.0658709293056148,0.0662735622176349,-0.00870286495321193,-0.0664106598840409,0.01
0.0454301345911545,0.0453216338772945,0.0635042869585292,0.0652018891008485,0.0144871645585687,0.00112267311595904,0.0156833329499998
0.0313779027016614,0.0881694934033637,0.0980828766517882,0.103217713847606,-0.0403223091056629,-0.0340453752320347,0.0539999999999999
0.221377844557109,0.187225282783623,0.19718350552944,0.200805031120747,0.0498460104805158,0.0402414927251968,0.1565
0.311378017626405,0.306264121253968,0.316055548624685,0.32059054076797,0.0913438243476368,0.170878435660878,0.2685
0.011377797790219,0.112167872160934,0.119691651260176,0.123080118882707,-0.0179379528108715,-0.0540453752320347,0.0999999999999999
0.381377997069885,0.214418534593994,0.229345431314875,0.233881877827241,0.0923835612949939,0.0855447879121134,0.1765
0.19746514126257,0.226902097679385,0.22662990961684,0.225551167993223,0.130649026838576,0.0622955820635682,0.2375
0.17746516258981,0.196112271122548,0.197469692006074,0.197579171917992,0.141080285347196,0.0422955820635682,0.22
0.287465104445257,0.215168060502807,0.216570320883726,0.215166489191132,0.0776177859869731,0.0365824500207999,0.23
0.21746533797906,0.265303711431053,0.263711938861378,0.262521501841238,0.118792199970117,0.0822955820635682,0.2465
0.16746504504269,0.235984091117958,0.234510834027931,0.233154454344418,0.177327349364925,0.0322955820635682,0.267
0.227465256958033,0.0223613123131778,0.0287322466691605,0.0282433358976265,-0.0614636006137286,-0.157550893507557,0.0404999999999999
-0.0598401565561372,-0.0697295898236522,-0.0657789850635321,-0.0787833611675355,-0.0659680497062844,-0.0874471423546306,-0.0905
0.220159874818438,0.117604004570939,0.123639941024724,0.110643514585036,0.193644752547329,0.0768397256026003,0.1625
0.250160112507335,0.0294216842501744,0.0395784346184762,0.0277853093063891,0.215047482614716,0.222552857645369,0.1865
-0.10984000286412,-0.105005824278859,-0.101368444410483,-0.11426174759476,-0.135311081548015,-0.137447142354631,-0.141
-0.0998397405329005,-0.0701559740405521,-0.0674083230658787,-0.081319655961986,-0.10468442455328,-0.127447142354631,-0.1125
-0.041592507919924,-0.0612484594666132,-0.0188178014329838,0.0018049387663297,0.379545212669791,0.168941042325148,-0.0291333337
-0.0456589986796938,0.0454864939685551,0.0436844119779003,-0.00458028988822878,0.0901585694970584,-0.012168140709316,0.017
0.134340769184421,-0.0395602756095836,-0.0331053981460631,-0.0795402726347134,-0.0164831698966184,0.0227390381596567,-0.064
-0.0456590633322409,0.0459809968084965,0.0449043505701198,-0.00340391787378869,-0.0380747612973494,-0.012168140709316,0.0155000000000001
-0.0456594223498827,0.0367934910291945,0.0338251157351389,-0.0139649185484991,-0.0270442422614791,-0.012168140709316,0.00300000000000011
0.0452168901507162,0.140157307422871,0.146297220315036,0.148241267996537,0.158854765737497,0.000363650742110311,0.0970000000000001
0.115217089489691,0.19153822324211,0.196160191267119,0.197573209504045,0.239445267947671,0.0703636507421103,0.1945
0.0452167794268101,0.130637677760783,0.134453514648671,0.135968244378138,0.214528346225257,0.000363650742110311,0.1435
0.0152164864904408,0.121318057447688,0.125252409815224,0.126601196881318,0.208469671340546,-0.0296363492578897,0.106
0.00521649912611788,0.105444616209848,0.109820042401755,0.110888319489993,0.123147248365659,-0.0396363492578897,0.0815
0.125216698405784,-0.0423047213570915,-0.0305261775435465,-0.0283099215654731,-0.055850787420069,-0.171646256340486,-0.0709999999999999
0.0352165326397996,0.119330478336395,0.12392739704384,0.125278768927587,0.126760963039304,-0.0096363492578897,0.0694999999999998
0.21262807671036,0.251437890795361,0.244668398822224,0.243647298094788,0.0700894478882143,0.000352498771948317,0.2035
0.222628384150755,0.289359134209117,0.283594133733127,0.282890655561201,0.191717612971011,0.0103524987719483,0.285
0.212628300287897,0.24858996282081,0.241091602275496,0.239617092652144,0.118171353075207,0.000352498771948317,0.2285
0.192628039893047,0.129703853618784,0.12460881008911,0.123262619292698,0.0011496913368228,-0.13536063327082,0.1425
0.27262858348973,0.320740050028356,0.31345710468521,0.312222597068709,0.210184361002453,0.0603524987719483,0.327
0.212628212962344,0.178742692089128,0.173480853184355,0.173048128939921,0.0887202239051777,-0.0736152975836442,0.208
0.40262812018538,0.22226867934932,0.220895209079494,0.220092853842844,0.142614467626435,-0.0224892640663127,0.237
0.292628071297082,0.299670404337839,0.294305628431006,0.29365017518836,0.257373426130671,0.0803524987719483,0.3335
0.153028777657909,0.155566591179151,0.153801502364523,0.156881356877664,0.110719632781412,0.0544634313436607,0.1772816667
-0.108082874474166,-0.0715923168018964,-0.073838188177655,-0.0738458565472273,-0.00395196635625961,-0.0633084312320347,-0.0549999999999999
-0.01808284309959,-0.0742587224073054,-0.0744192620893993,-0.0744189807946564,0.0137062847223025,-0.0890215632748029,-0.0465
-0.168082609565787,-0.10412307147906,-0.107277644111748,-0.107063968144551,-0.0313340827459616,-0.123308431232035,-0.0795
-0.13808288986648,-0.0593161330299947,-0.0619111163586632,-0.0621438930326966,0.0407274731916785,-0.0933084312320347,-0.0794999999999999
-26.6280827529735,-26.6103915125047,-26.6105725176135,-26.6101556060792,-26.5844206806977,-26.6007881323866,-26.6543666666
0.0255805548166912,0.0837470963874288,0.0879516967273899,0.0985372588714788,0.00644386538164277,0.136400643729696,0.0565
0.0555808383355527,0.00665346384272536,0.0125405760590437,0.0230827573641774,0.0228919388023207,0.0519663805695151,-0.0099999999999999
0.0455807783942281,0.100899168412878,0.104374900180662,0.114507053428834,0.0594390200346703,0.156400643729696,0.0614999999999999
0.175580517999378,0.132013059210851,0.137892107994276,0.148152580069388,0.163013485652433,0.170687511686928,0.147
-0.00441943736801065,0.0230264947763875,0.0273877839857217,0.0383424428367746,0.0306127210366783,0.106400643729696,-0.0265000000000001
0.0155807515331808,0.0921487101390966,0.0950337259719278,0.105507592719494,0.0609758482726876,0.126400643729696,0.0815
-0.0144190973519607,0.0742530805993602,0.0768438439036739,0.0861894095223668,0.0164872196838578,0.0964006437296961,0.0395
-0.11441949525383,-0.0391584892852922,-0.0354923916329025,-0.0251818827310581,-0.0489636779875874,-0.00359935627030383,-0.0625
-0.114419162004508,-0.0252524165606983,-0.0219362175041065,-0.0126342184631931,-0.0284866301744531,-0.00359935627030383,-0.049
-0.0944195210221496,-0.0144399223400004,-0.0130154523390874,-0.00319521913790355,-0.0360708550303803,0.0164006437296962,-0.056
0.00558054940341324,0.0319796099299067,0.0375889263361726,0.0485401359650501,-0.000914268412514962,0.116400643729696,0.0215
0.144187837280293,0.0674837399177368,0.0645233050376062,0.0623197889151001,0.0241813181586839,-0.083383012071659,0.0875
0.154187485569543,0.175509740891272,0.170455910884583,0.16796273586774,0.0551383148598534,0.0411359445869248,0.185
0.144187575088671,0.163787545905603,0.160774208095187,0.15980229434717,0.0375866175189175,0.0311359445869248,0.1525
0.234187516944118,0.162843335285863,0.159874836972839,0.157389611620311,-0.0165228686136411,0.00542281254415655,0.1555
0.104188060540802,0.143879531695435,0.138723131568939,0.136349589396323,0.0199864457303821,-0.00886405541307522,0.136
0.104187548348153,0.102809886004918,0.0995716553147351,0.097777167515973,0.0244871438383644,-0.00886405541307522,0.107
-0.343873846147697,-0.263107840483517,-0.261665925788511,-0.26007435146803,-0.320960336798885,-0.298141825720617,-0.344
-0.343874221779981,-0.300096715468441,-0.300070175520783,-0.299129263489105,-0.325093455229789,-0.298141825720617,-0.3145
-0.323874132260852,-0.281818910454109,-0.279751878310179,-0.277289705009675,-0.303171949049232,-0.278141825720617,-0.3055
-0.0438741904054054,-0.09276312107385,-0.0906512494325274,-0.0897023877365337,-0.0880453998169246,-0.113854957763385,-0.103
0.156126047283491,-0.0109454413946145,-0.0047127558387749,-0.00256059301518013,0.0273939029078487,-0.0352852510213146,-0.0105000000000001
-0.323873646808722,-0.261726924664277,-0.261802954836427,-0.260742409960522,-0.329323422228672,-0.278141825720617,-0.3005
0.0561258542272058,0.0782503144916864,0.078844426558918,0.0804874750308526,0.0540134344895324,0.101858174279383,0.0455
-0.103874017336109,-0.123724282603505,-0.121779206337283,-0.119916878089311,-0.106806981615671,-0.140488132259193,-0.0920000000000001
0.156125889886928,-0.0101982953433136,-0.00436485044214385,-0.00287215318638689,0.00406265339943856,-0.0350926869120516,-0.0225000000000001
-0.283874237172295,-0.19782053169654,-0.198143103701791,-0.197427299974574,-0.251434279245955,-0.238141825720617,-0.234
-0.353873805756744,-0.270523099685341,-0.27169951352313,-0.271665558283555,-0.332038485567007,-0.308141825720617,-0.32
0.156125962107371,-0.0255698692634795,-0.018489323647093,-0.0166255410300397,0.00639932359060214,-0.0508637510193533,-0.036
0.0761257963413868,0.146065330430007,0.145964250940294,0.14696314946302,0.143969237122636,0.121858174279383,0.114
0.175928382428955,0.114739840576536,0.120836344482356,0.122304108456391,0.10825236483467,0.0596972962516198,0.1125
-0.0440715936495106,0.0297547165349953,0.0351732000616056,0.0370019674301055,-0.0384850793409383,-0.0457885620287123,0.00350000000000006
-0.0440713943105357,0.0111356323542349,0.0150361710136894,0.0163339089376133,-0.0630124325310806,-0.0457885620287123,0.0145000000000002
0.165928295626583,0.230235086872908,0.233329494395241,0.234728943811707,0.163121193467256,0.164211437971288,0.1975
0.175928235162077,0.149138274415007,0.155059919512834,0.157159440808825,0.140222321694146,0.0918076512326066,0.1405
0.015928002690214,0.100915466559813,0.104128389561794,0.105361896314887,0.0937749807864745,0.0142114379712877,0.0744999999999998
0.145928048839573,0.208927887448519,0.21280337679041,0.214039468361155,0.17367829497113,0.144211437971288,0.164
-0.0438840504000507,-0.0271830544760542,-0.0304684605392219,-0.0347319093508306,0.0739120781287919,0.0361722574644893,-0.0525
-0.113884154435229,-0.0273804594264402,-0.0320236233864628,-0.0369338069649319,0.0589614685159695,-0.0338277425355108,-0.0375000000000001
-0.0738841417995515,0.00674609933572001,0.0025440092000687,-0.00264668435625737,0.00152282125546443,0.00617225746448924,-0.0450000000000002
0.146116057480114,-0.0410032382312201,-0.037802210745233,-0.041844925411723,0.0755654187728378,-0.0270439531772915,-0.0475
-0.0738837750365479,0.00453803418685994,0.000207537970949856,-0.00570857065079833,0.0332926000475737,0.00617225746448924,-0.0395000000000002
-0.271371626869116,-0.234395166761457,-0.220881420442969,-0.217861592081156,-0.113223014111238,-0.0981610624842361,-0.2315
-0.111371343350255,-0.18148879930616,-0.166292541111316,-0.163316093588458,-0.0500872938640866,-0.052842401838198,-0.2235
-0.28137131942872,-0.216473923347702,-0.201955685532067,-0.198618234614743,-0.173098491073145,-0.108161062484236,-0.2645
-0.221371695061005,-0.193462798332626,-0.180359935264339,-0.177673146635818,-0.150446170988591,-0.0481610624842361,-0.254
-0.151371619053818,-0.145115768372498,-0.131445333184638,-0.128056408115861,-0.0813897229567605,0.0218389375157639,-0.1665
-0.161371490617132,-0.19709036546769,-0.182068966080838,-0.178460761236024,-0.120095862601939,-0.0706851637796413,-0.2195
-0.291371279037768,-0.223889182549526,-0.211989273266685,-0.210209441430268,-0.179958114607978,-0.118161062484236,-0.2645
0.198628488826347,0.00106404787233583,0.0212209166093513,0.024830575823247,0.165541342757823,0.118571357710559,0.004
0.00862836771760578,0.0138373467810208,0.0287558091658132,0.0321412850124149,0.0645814642316309,0.181838937515764,-0.0525000000000001
-0.0542963660176744,-0.038441690104145,-0.00852376071532623,0.00172885280711466,-0.0794683749080496,-0.0296760047524882,-0.1265
0.0157036653569012,-0.0611080957095539,-0.0291048346270706,-0.0188442714403144,-0.0602239947176105,-0.0753891367952565,-0.1025
-0.0542957910464151,-0.0200718992999813,0.00974345996902959,0.0201157063356973,0.0843774191083319,-0.0296760047524882,-0.0589999999999999
-0.0542961011092962,-0.0109724447813084,0.018036783350581,0.028510741209791,-0.0249844270336357,-0.0296760047524882,-0.076
0.275703817869678,0.0660851561008166,0.103057091158364,0.11423257526618,0.00630545617983025,0.0478177625606026,0.0435
-0.0442963736646266,0.00243892273959467,0.0299876050395658,0.039807929352394,0.0315725410045838,-0.0196760047524882,-0.0579999999999999
-0.191971666644199,-0.162839064735553,-0.156969208309905,-0.155509705663772,0.0277232399688838,0.000961524065593911,-0.1225
-0.191971868894496,-0.170780963317839,-0.162552629373943,-0.159451496296359,0.0203649151173114,0.000961524065593911,-0.1525
-0.161971383442366,-0.120688977528007,-0.114603705900191,-0.112904201247206,-0.0563209726290833,0.0309615240655939,-0.156
-0.221971804721607,-0.184335002787377,-0.178460385931497,-0.176769441203013,-0.0237166125587117,-0.0290384759344061,-0.1565
-0.051971882406438,-0.0507117383720428,-0.0439563245048455,-0.0416743162558316,-0.0337962488399431,0.140961524065594,-0.0685
0.228028153253284,0.0408396517929572,0.0528343984940925,0.0549660555269287,0.0921055314083299,0.183482355101775,0.049
0.228028225473727,0.0254680778727913,0.0387099252891433,0.0412126676832759,0.0721196876985784,0.16767612768802,0.0355
-0.13641449799778,-0.209941945218127,-0.202809822874559,-0.20271710193512,-0.017928402032849,-0.0822782316748812,-0.2465
-0.226414474076246,-0.164927069259668,-0.15847296729531,-0.158019242961405,-0.0685912478113092,-0.0658352826609716,-0.214
-0.0964148183339544,-0.164582349850002,-0.157458290939326,-0.157647279229909,-0.0164992944417788,-0.0515484147037403,-0.163
-0.216414696016512,-0.1771921786998,-0.172466676374532,-0.172552541409704,-0.0483865025900247,-0.0558352826609716,-0.1775
-0.206414865100844,-0.139639760472691,-0.13495014520859,-0.135372191467949,-0.00627903319306489,-0.0458352826609716,-0.1805
-0.206414857355482,-0.151035331400853,-0.14836585127269,-0.148995078437201,-0.037817551484615,-0.0458352826609716,-0.205
-0.0164147869299194,-0.0146157991309461,-0.00776147259742976,-0.00725972333424685,0.102471203878223,0.144164717339028,-0.0570000000000002
-0.103661710462198,-0.135576035875448,-0.166149870204262,-0.193271642301698,-0.157188535802692,0.0271471953989451,-0.113893333
-0.228904275999503,-0.206943552003654,-0.180181224859239,-0.170788024350115,-0.0543956351345625,-0.0686388366805631,-0.2035
-0.178904344191392,-0.166011183574823,-0.139659739680608,-0.130599578904777,-0.0994397776153162,-0.0186388366805631,-0.199
0.141095687183184,0.0613224108197683,0.0897591864076472,0.0988272968477943,0.116985453204436,0.185648031276668,0.0434999999999999
-0.248904190499374,-0.22128741803003,-0.195249199027559,-0.186077965332001,-0.117247904140912,-0.0886388366805632,-0.1985
0.161095860252481,0.110361249290113,0.138631229502892,0.148612806495017,0.154467024216936,0.239117585929189,0.0655
0.251095767475517,0.0538872365503048,0.0860455853980309,0.0956575313979413,0.0926538744957529,0.174705904459047,0.0194999999999999
-0.198903992820702,-0.145943064951781,-0.120069139090736,-0.111959501684787,-0.00633402041368647,-0.0386388366805631,-0.1445
0.247627703275734,0.235958277742535,0.255660365527084,0.246778998417356,0.572900837786347,0.350156483926564,0.20289333295
0.142896027700378,0.0818352594838322,0.0716169419504661,0.0553049181160934,0.0177279886672749,-0.0656872313999074,0.0595
0.0628956759896276,0.0998612604573669,0.0875495477974431,0.0709478650687333,0.0151360758319486,-0.0718010201325092,0.072
0.0628957876565364,-0.110240319417506,-0.116745127123917,-0.132795024628549,-0.124749930833188,-0.224791924311934,-0.106
0.0928960920128643,0.169434876240467,0.155920209795096,0.138411570274283,-0.00837137144711753,-0.0418010201325093,0.113
0.0628958598769795,-0.125611893337672,-0.130869600328867,-0.146548412472202,-0.140345390979718,-0.234974750175134,-0.135
0.137697590874381,0.127154450855626,0.123397058253067,0.12708150529702,0.2293347165437,0.0845592199331816,0.1805333334
0.0506646804180811,-0.0119826667447603,-0.014781220376061,-0.00596747119770924,-0.0870366808081875,-0.010374165848695,-0.0519999999999999
-0.0093352956603846,0.0630322092136985,0.0595556352031881,0.0687303877760055,0.0465631518492035,0.0442516317004181,0.0125000000000002
0.0506645331512036,0.0224157670937102,0.0194423546544166,0.0288878611547246,-0.133394030077453,0.0217674980017933,0.0150000000000001
-0.00933569932065992,0.0741929592385159,0.0685108247033762,0.0770903166607867,0.00544241723674477,0.0442516317004181,0.0559999999999999
0.11066444037424,-0.0640582456460983,-0.0631432894504447,-0.0540674139423516,-0.0614740000861789,-0.0730958260797669,-0.0775000000000001
-0.0293356531713012,0.032205380127222,0.0271858119319928,0.0357678887070553,0.0807731082380571,0.0242516317004181,0.00549999999999984
-0.0393356789396211,0.0269239470725138,0.0196627512258079,0.0277545523002098,0.0305225612189899,0.0142516317004181,-0.013
0.000664391485941662,0.0133434793424209,0.0102671299010679,0.0194899074031636,-0.00332986965096471,0.0542516317004181,-0.00800000000000001
-0.0285668146192432,0.0260688519126466,0.028196795812398,0.0297612089181761,-0.0103536045281818,-0.0608719931447805,0.00400000000000011
0.151433117188868,0.197001220341478,0.198718280991029,0.199949654363515,0.170062154741256,0.11912800685522,0.1685
0.0414332067079968,0.0852790253558097,0.0890365782016326,0.0917892128429448,0.0569919923928457,0.00912800685521953,0.0809999999999998
0.09143338625234,-0.0738475055846955,-0.065924299326963,-0.0634816751625609,-0.115500277678432,-0.178451149660538,-0.0980000000000001
-0.0585667291191141,0.00172498588627079,0.00312882164407835,0.00447126793629049,-0.0221786874137557,-0.0908719931447804,-0.0265
0.0214331017965543,0.10927740411338,0.110645352810021,0.111651617878045,0.122008271755933,-0.0108719931447805,0.0974999999999999
0.0914333010762202,-0.0884719334535605,-0.0797008671352811,-0.0775466231774204,-0.132831401936284,-0.194058273849715,-0.116
-0.0285668904580839,0.0478818331852174,0.0472296467459208,0.0480287309087939,0.0922441289086565,-0.0608719931447805,0.0495
0.0409001867526086,0.0238705642238731,0.0215678584932059,0.0212947659195429,0.0211233445907999,-0.0051472857721242,0.04762666705
0.0244875267404231,0.0527211200789451,0.0469820507132286,0.0468216056988577,-0.0449864984522863,-0.0130743727128807,0.0425000000000001
-0.0155130762588271,0.0425009542845231,0.0360742692613329,0.0358495930761311,-0.0257935104345655,-0.0530743727128807,0.0330000000000001
0.264487063436073,0.0642497493999091,0.064420155107512,0.0646918624729929,0.0678200331885304,-0.00501173292289314,0.0585
-0.00551306362315018,0.0466275130466831,0.0406419018478644,0.0401367156848057,0.0209063242262403,-0.0430743727128807,0.0655
0.0144873677924006,0.0639249450578816,0.0570854920265261,0.0558984573758247,0.0477489441820982,-0.0230743727128807,0.0529999999999998
-0.258846481508756,-0.235699169629409,-0.233657185657165,-0.23233898885139,-0.211999229578475,-0.299186664566427,-0.28191499955
0.0855035066169791,0.115118210745386,0.125597038582434,0.125417566650067,0.0467671622654281,0.106517914196887,0.0885
0.125503686161322,-0.0540083201951189,-0.0393638389461612,-0.0398533213554387,-0.147809172376154,-0.0825998536394024,-0.0335000000000001
0.0755034931050375,0.085187435691182,0.0941933434515316,0.093194746690594,0.0998087950608063,0.0965179141968869,0.0905
0.125503600985202,-0.068632748063984,-0.0531404067544795,-0.0539182693702983,-0.0722759239111369,-0.0976511296394107,-0.0720000000000001
0.0573391164907585,0.0893090339760744,0.0892631782030037,0.0897927156460251,0.0187507906657358,0.109265567401794,0.0405000000000001
0.0773388560959086,0.0104229247740479,0.0127803860166175,0.0134382422865791,-0.0392190765596616,0.0135524353590261,-0.0209999999999999
0.0973390896297112,0.150558575702293,0.149922003994269,0.150793254936684,-0.0497654813561365,0.149265567401794,0.0930000000000001
0.0573389363882417,-0.127012249495416,-0.120933214992999,-0.119731523163274,-0.150743020270823,-0.12873421636548,-0.1105
0.0673388170743808,0.123969943223197,0.121872825683254,0.122090443079287,-0.0465229945253892,0.119265567401794,0.0595000000000001
-0.262503507616634,-0.21458859447943,-0.212016997053082,-0.22138081844354,-0.144695503605499,-0.123663623298882,-0.253
0.217496029079016,0.0369400348415337,0.0454211073412011,0.0364894383305949,0.105924298909273,0.157175772631969,0.042
-0.222504097980207,-0.150682201511692,-0.148357145918446,-0.158065708457592,-0.0667558976138884,-0.0836636232988819,-0.163
0.120732823204062,0.0658818299963712,0.0685431846562423,0.0646890616830468,0.0323988265147958,0.0596775354651076,0.0275
-0.149267152874404,-0.0691032940451699,-0.0671199597645086,-0.0706130793432386,-0.0357191175938505,-0.0964049174649984,-0.1065
0.140732502867888,0.0912414253644971,0.093894716591475,0.0897588843882575,0.0738167017187977,0.0778819504922335,0.045
0.210732740556784,0.0430591050437326,0.0498332101852276,0.0469006791096112,0.0190644787283091,0.0275224538661407,0.0305
-0.0292674524995012,-0.00774513906996666,-0.00660960741707961,-0.010051252844356,0.0586044715015785,0.0235950825350016,-0.0125000000000001
-0.13926751038532,-0.0699301231316463,-0.0694897830357039,-0.0735755784121888,-0.0393997175756968,-0.0864049174649983,-0.114
-0.0156672842503855,-0.00767789806594543,-0.00712760448217509,-0.011887339038352,-0.0392241778142315,0.0212912478520306,-0.03844833335
-0.0779993388772074,-0.148014901431821,-0.137471467216797,-0.137211885875313,-0.24948941546742,0.034924740507875,-0.174
-0.247999690587957,-0.219988900458286,-0.21153886136982,-0.211568938922673,-0.338376811432231,-0.0224251609174886,-0.2495
-0.287999601068829,-0.261711095443954,-0.251220564159217,-0.249729380443243,-0.385643537011281,-0.0624251609174885,-0.299
-0.187999486144085,-0.22361646759335,-0.21324789218632,-0.212356553522879,-0.283575559701144,-0.0434875918071174,-0.2415
-0.277999705980271,-0.207712716686384,-0.199611789550829,-0.199866975408143,-0.354476921154796,-0.0524251609174886,-0.226
-0.287999339217268,-0.219920781835244,-0.211948260779947,-0.212928861702683,-0.347365809380347,-0.0624251609174885,-0.2455
-0.271866073404178,-0.274866531349906,-0.264472474512628,-0.262709458649446,-0.331799800815144,-0.0420227503881396,-0.3515900003
-0.160042536398579,-0.131370877754573,-0.126734532583516,-0.121758607171652,-0.0151525061859549,0.00837504685281609,-0.167
-0.100042738648877,-0.0793127763368584,-0.0723179536475539,-0.0657003978042393,0.0469669456644435,0.068375046852816,-0.0874999999999999
-0.0600427967934294,-0.130256986956599,-0.123217324769902,-0.118113080531098,0.0300931633457131,-0.0073380851899526,-0.127
-0.0700422531967458,-0.0292207905470264,-0.0243690301738018,-0.0191531027550867,0.0332079720954486,0.0983750468528161,-0.0564999999999999
-0.160042563259627,-0.110121336028354,-0.10607570679225,-0.100758067880993,-0.16407467523571,0.00837504685281609,-0.168
-0.0700426442806532,-0.273063735146229,-0.261055398984467,-0.255036233824604,-0.0826610642947604,-0.151616935609915,-0.262
-0.170042476797315,-0.107522462728148,-0.103045650268285,-0.0988998790636797,-0.035221103356479,-0.00162495314718392,-0.157
-0.0700427653893945,-0.0702904362375435,-0.0635205064280056,-0.0577255246354365,0.0193212082739547,0.0983750468528161,-0.1205
-0.0298041219577495,0.0955003802761162,0.104866349317817,0.118064264765198,-0.0241104992493563,0.0856705348525095,-0.011
0.0201958198976976,0.0545561696563757,0.0639669781954686,0.075651582038339,-0.0107138345754615,0.0199574028097413,-0.0455
0.220196057586594,0.136373849335611,0.149905471789221,0.162793376759693,0.0743392577570813,0.128330796757553,0.0660000000000001
-0.0798040577848603,0.0619463408065775,0.0689585927602625,0.0807463198585439,0.0491776371298974,0.0356705348525096,-0.0314999999999999
-0.0798039465684997,0.0746918205846211,0.0811085961731202,0.0930065946884444,0.0903172539147439,0.0356705348525096,0.00550000000000006
-0.0293699538500349,-0.0374316830114764,-0.0413180296361469,-0.0458250690891407,-0.0223819343795512,0.0245191454102884,-0.00267166704999999
-0.146609679792371,-0.119302031422096,-0.118727567519407,-0.119352047787305,-0.0835355521206986,-0.0274070707663776,-0.117
-0.146609456214835,-0.122149959396647,-0.122304364066134,-0.12338225322995,-0.0323643867836527,-0.0274070707663776,-0.1275
0.163390521079212,-0.029218388919438,-0.0228486626587679,-0.0225949318680421,-0.0166218473477142,0.0451217439783171,-0.032
-0.146609483075882,-0.100900417670428,-0.101645538274869,-0.10238171393929,-0.224841628156287,-0.0274070707663776,-0.12
0.0533904564596125,0.00800276987167126,0.0100848868427243,0.0100487830578273,-0.0211657226372786,0.0901328104666074,-0.0119999999999999
-0.156609729862892,-0.112207617094817,-0.112171655879699,-0.113071189389842,-0.0342123443738218,-0.0374070707663776,-0.1015
-0.0846761527635951,-0.105685599053937,-0.106687156330079,-0.108788129615188,-0.0621385323261314,0.0246953916977717,-0.0967300003500001
0.324627409455734,0.344224183753802,0.340583960143162,0.339840110496121,0.253183325547304,0.220009593642091,0.337
0.304627430782974,0.313434357196965,0.311423742532397,0.31186811442089,0.223273719271854,0.200009593642091,0.3195
0.334627313235855,0.393306177192375,0.388464884554253,0.387443396847315,0.305823043920846,0.230009593642091,0.3895
0.364627325871531,0.417432735954535,0.413032517140785,0.41173051945599,0.363612033284237,0.260009593642091,0.4035
0.344627757287082,0.394730167965733,0.389476107319446,0.387492261147009,0.357969798158703,0.240009593642091,0.414
0.304627359385213,0.341318598081081,0.33713987178287,0.336120968893584,0.343712680421375,0.200009593642091,0.3715
0.0799939138135587,0.0988126580167654,0.0996844044233676,0.100176845011342,0.0856457743733702,0.122781265848973,0.0577216671499999
0.195805539722039,0.0425367896042638,0.0511515802449572,0.062650375007444,0.0528797789163742,0.08037344464302,-0.00299999999999995
-0.194194154370173,-0.118244693665399,-0.115938618752695,-0.105531441937898,0.00823407556199918,-0.0719817939181571,-0.15
-0.194194464433054,-0.109145239146726,-0.107645295371144,-0.0971364070638041,0.00630852098847867,-0.0719817939181571,-0.1335
-0.214194711220065,-0.130452438571115,-0.128171412975974,-0.117825882514356,-0.0283904298009873,-0.0919817939181571,-0.1435
0.333499240927462,0.265664698760229,0.281531886583221,0.285836377160313,0.167110165015207,0.0251701436996086,0.259
0.473499478616358,0.287482378439465,0.307470380176973,0.312978171881666,0.18458636320324,0.0439313719965645,0.2975
0.183499194160572,0.25060728813754,0.264040032313957,0.268111464922272,0.0154002332087392,-0.00911672425762272,0.235
0.473499272331497,0.475631249479284,0.491228704925117,0.496223933055975,0.274612437620884,0.280883275742377,0.453
0.0209315468472113,-0.154591602540304,-0.149408386555236,-0.141574293213024,-0.124412253527016,-0.772727267034543,-0.19276333365
0.16349912578657,0.0222967023342886,0.0232334409187804,0.0335525496786591,-0.118860974102448,-0.0932146383841311,-0.05187166665
0.223498834017145,0.0760769987376711,0.0773317226441386,0.0877712005666421,-0.0961337995153236,-0.0332146383841311,0.00462833334999996
0.233499098925523,0.113546244060508,0.113892266710046,0.124553088969318,-0.0524459186851136,-0.0232146383841311,0.02262833335
0.183498818624831,0.0783531825095728,0.0792587944631304,0.0894731640811727,-0.0563804498492866,-0.0732146383841311,-0.03587166665
0.193498852138513,0.072239044636119,0.0733661491052154,0.0838636135187667,0.120650090524053,-0.063214638384131,-0.01537166665
0.163499185387834,0.0561451173607127,0.0569223232340116,0.0664112777866317,-0.116669331708489,-0.0932146383841311,-0.0498716666500001
0.193498826370193,0.0769576115814107,0.0758430883990306,0.0858502771119213,-0.0401034110157257,-0.063214638384131,-0.0198716666500001
0.14488899779571,0.196169051435311,0.192479693913449,0.186405340559413,0.167629867241579,0.158154324624212,0.1865
0.124889266859181,-0.0346796744908627,-0.0321628864045432,-0.0370259889666624,-0.069527169601468,-0.0662731075807377,-0.062
0.0948892627040877,0.173638296758147,0.169040237979356,0.163187228962089,0.0703768053996855,0.108154324624212,0.11
0.104888969767718,0.204318676445052,0.199839133145909,0.193820181465269,0.13407520778744,0.118154324624212,0.167
0.114888982403396,0.208445235207212,0.20440676573244,0.198107304073944,0.159881025104746,0.128154324624212,0.179
0.104888990148757,0.18704966427905,0.180991059668341,0.174484417104692,0.0942398805738566,0.118154324624212,0.1505
0.0652373794025876,-0.16858781744069,-0.170813856066563,-0.163517149487324,0.0245593520142502,-0.0100623778477501,-0.0404999999999999
0.145237059066413,-0.0832282220725638,-0.0854623241313304,-0.0784473267821135,0.016851259697227,-0.0457755098905186,0.042
-0.0447623973369031,-0.162192025662991,-0.16661402953523,-0.159487349006102,-0.0763080343552305,-0.12006237784775,-0.147
0.0652372926002158,-0.0430925711443182,-0.0483207061536788,-0.041092314132008,0.0582189976863786,-0.0100623778477501,-0.0195
0.04523723213571,-0.154189383602219,-0.156590281036085,-0.14866181713489,0.0454501319877965,-0.0300623778477501,-0.0549999999999999
0.0452370458132053,-0.064399770568707,-0.0688468237585093,-0.0617817895825596,0.193348066163541,-0.0300623778477501,-0.0379999999999999
0.276203424744205,0.137910522802183,0.103025873398602,0.0778421648270731,0.151090015336913,0.142078025750831,0.17544
0.0562035470616468,0.0253006939523848,-0.0119825120366039,-0.037063097352722,0.0211291969405282,0.0377911577935995,-0.0143428571428571
0.116203658278007,0.0980461737304283,0.0601674913762537,0.0351971774771785,0.038365505106023,0.0977911577935995,0.029942857142857
0.226203597813502,0.116949361272528,0.0818979164938471,0.0576276744742962,0.268025835362424,0.125925170177154,0.14744
0.026203385722677,0.0114575412513314,-0.0278816869347616,-0.0535056343802186,-0.0453633884973245,0.00779115779359951,-0.0481523809523808
-0.00715003087919341,-0.0576608667533833,-0.0529245272782325,-0.0437384135365619,0.104595593137434,-0.00354179630401219,-0.054
0.00284970692918496,0.0486429392344832,0.0533263757793482,0.0637440918955081,0.0444603442146566,0.120794015204715,0.0159999999999999
-0.0271503065827567,-0.00128783581972114,0.00192268064844558,0.0115212719360352,0.101171991051441,0.0907940152047152,-0.0255000000000001
-0.0171503979822575,0.0726413179920531,0.0749351503877361,0.0836064969306085,0.137289408609666,0.100794015204715,0.0609999999999998
0.0628496801886672,0.0876652793337981,0.0921238229988964,0.101718965064311,0.147507836447631,0.180794015204715,0.1325
0.00557288641732412,0.0906924184743556,0.0860076688313717,0.0835926965795223,0.0765702748547451,0.0260577159631938,0.0790000000000001
0.145572779848512,-0.0171451824367418,-0.0170391612188922,-0.0188935449676281,-0.0940457516869609,-0.0710616183380931,-0.029
0.00557308575629911,0.0720733342935951,0.0658706397834553,0.0629246380870301,-0.0404542076571515,0.0260577159631938,0.0419999999999999
0.00557258679222661,0.032050573449559,0.0265180211788006,0.0241545230784047,-0.0434613758385735,0.0260577159631938,0.0289999999999999
-0.0144275172429512,0.081853168499173,0.0749628583315597,0.0719526254643035,0.251465311867017,0.00605771596319382,0.0990000000000001
0.00557292680827659,0.0932771592725316,0.0859740810967529,0.0820014897639969,0.061695509078339,0.0260577159631938,0.0685
-0.00442749686191235,0.0745841563331709,0.0661147848539915,0.0626168611037267,-0.0135710953919689,0.0160577159631938,0.082
0.0155725735636504,0.041003688603078,0.0367191635292514,0.0343522162066804,-0.0407481992242832,0.0360577159631938,0.0195
0.0822394295760651,0.0990220667940592,0.0939607113418869,0.0912395226616507,-0.110966460769621,0.102724382963194,0.0654083337000001
0.183144173694338,0.206851627848199,0.201482730812276,0.198021621251785,0.274926474334959,0.110600156488652,0.2175
0.183144263213466,0.205129432862531,0.20180102802288,0.199861179731215,0.259510879171933,0.110600156488652,0.181
0.223144285361246,0.036750047973327,0.0371880558909153,0.0342787315545028,0.0324151099819378,-0.0768858080601867,0.0509999999999999
-0.0368554102824257,0.0264252436312995,0.0198533928099293,0.0154853264573346,0.0557165636642322,-0.109399843511348,0.0165
0.153144166047385,0.207732240691939,0.199994096567168,0.196100697797064,0.203278117989983,0.080600156488652,0.1525
0.0378518876373514,0.0718555005107191,0.0724705713157693,0.0754816799593705,0.031492067049104,-0.0481255582471577,0.0345
0.207852002562095,0.179950128361323,0.180443243288666,0.182854506879734,0.193007369880771,0.0394098651671518,0.205
0.0878517700902318,0.171727320506129,0.169511713337626,0.171056962385796,0.1480556363759,0.00187444175284224,0.147
0.237851982005575,0.0481045417013489,0.0537331259788557,0.0561458439390053,0.0729154472805016,-0.101210455915491,0.055
0.227851790471271,0.294458308340127,0.290663639860058,0.29172119802522,0.2376634462877,0.141874441752842,0.257
-0.0351028596972564,0.00466716857777805,0.00540614022957653,0.00592755275870505,-0.0549157942018409,-0.0138209472399698,-0.044
-0.0451026361197193,-0.0081807593967731,-0.00817065631715075,-0.00810265268393939,-0.0606051838273278,-0.0238209472399697,-0.056
0.00489716162998366,0.0338773420209411,0.036245922618811,0.0379555566834736,0.00496180760403941,0.0261790527600302,0.0154999999999998
0.0848971034854307,0.0229331314012003,0.0253465514964629,0.0255428739566144,-0.0643525089131912,-0.00953407928273842,-0.0165000000000001
0.104897276554728,0.0719719698715452,0.0742185945917079,0.0753283836038374,-0.0108554935276453,0.0558533825829086,0.0544999999999998
-0.0451029432814587,0.0278757207785111,0.0278546972271991,0.0278179617185742,-0.0290117084533767,-0.0238209472399697,0.013
0.0548971348894658,0.062899682120256,0.0650433698383593,0.0659304298522766,-0.00766784850382196,0.0761790527600302,0.037
-0.204393489021494,-0.170165764878027,-0.173149531403474,-0.173881600831354,-0.180500674989554,-0.0383485849466587,-0.195
-0.164393205502632,-0.237259397422731,-0.23856065207182,-0.239336102338656,-0.145072944657212,-0.113041048584227,-0.252
-0.214393467694254,-0.190955591434864,-0.192309749014239,-0.191853596906585,-0.165369545330991,-0.0483485849466587,-0.2065
-0.224393292305004,-0.17176415112636,-0.176067502158936,-0.176911266983339,-0.218927536712704,-0.0583485849466587,-0.207
-0.23439335276951,-0.27286096358426,-0.274337077041342,-0.274480769986222,-0.206646419830415,-0.150880691219267,-0.249
0.195606626673969,-0.0047065502442345,-0.00104719435115291,-0.00118943292695062,0.0767264709009994,0.108359267865144,0.004
-0.254393539092015,-0.203071350550748,-0.206593619763766,-0.207600742433891,-0.14810398570628,-0.0883485849466588,-0.211
-0.234393205842693,-0.169165277826155,-0.17303744563497,-0.175053078166026,-0.107496328583703,-0.0683485849466587,-0.196
-0.0630838626139419,-0.0184826704749451,-0.0138186482822984,-0.00951391685560421,0.035338509685123,-0.00394750692740964,-0.016
0.12691642090492,0.0644236969803513,0.0707702310493553,0.0750315816370943,-0.050044421217658,0.0717026298372023,0.0249999999999999
-0.143083555173546,-0.0705614270611897,-0.0648929133713956,-0.0602705593891909,0.016019766692013,-0.0839475069274097,-0.069
-0.063083639036405,-0.0213305984494963,-0.0173954448290258,-0.0135441222982486,0.0490616645490239,-0.00394750692740964,-0.04
-0.0430838412867021,-0.00927249703178212,-0.00297886589306406,0.00251408706916434,0.0543634224282284,0.0160524930725903,-0.00350000000000006
0.206916338257641,0.0316009720277128,0.0420602565783406,0.0472431990636588,-0.00575671207598821,0.0290839706961362,0.0025
-0.123083777113813,-0.072826536501321,-0.0688866224506182,-0.06480385783749,0.0324360587306272,-0.0639475069274097,-0.0275
0.206916253081521,0.0169765441588477,0.0282836887700225,0.0331782510487992,-0.0232159761292084,0.0135169604756532,0.00899999999999995
-0.113083579435141,-0.0374821834230723,-0.0337065625137948,-0.030685394190276,0.0173168113631568,-0.0539475069274097,-0.00600000000000001
-0.0730838680272199,-0.0602501569324673,-0.0541814186735157,-0.0495110397620327,-0.0526244294408895,-0.0139475069274096,-0.0489999999999999
-0.166026225291288,-0.134625414619137,-0.13143990846611,-0.128701272678614,0.0590889461904053,-0.0722111064560964,-0.148
0.213974043772184,0.0345258594546898,0.043917511215898,0.0478673977953101,0.100701148300405,0.0732853866997226,0.0430000000000001
-0.106026020847415,-0.138252981754201,-0.13314893928261,-0.12948888727882,-0.0773567892961258,-0.093640720768516,-0.161
-0.196026253319278,-0.116475789609395,-0.11408046923365,-0.111286431772758,0.066895890360663,-0.102211106456096,-0.1085
0.213973958596064,0.0199014315858247,0.0301409434075798,0.0338024497804505,0.163395190995973,0.0578803090498579,0.0405000000000001
-0.196025873920598,-0.124557295996095,-0.121849307876237,-0.120061195458625,0.0259048833677685,-0.102211106456096,-0.162
-0.152692640500262,-0.152640225314509,-0.148415950223323,-0.145332868575411,-0.10898062751351,-0.0588777734560965,-0.1537000003
0.133259331471903,0.160347053487721,0.159005782409067,0.162673551647546,0.0430173687650985,0.00341693174149271,0.1425
0.043259906443162,0.0887168442918845,0.087273003093423,0.091060405176129,-0.0403379840014679,-0.0865830682585073,0.0590000000000001
0.0732594851639203,0.115070819032514,0.113416323062117,0.117195165220322,-0.0234347935241224,-0.0565830682585072,0.0870000000000002
0.0832593034439116,0.158496678497462,0.156365221641527,0.160088392553402,0.0384922383420835,-0.0465830682585073,0.122
0.443259443138811,0.260245473612848,0.264711107487706,0.268930661950264,0.190064490763258,0.0935425932769719,0.273
0.0332593160795888,0.102623237259622,0.100932854228059,0.104375515162077,-0.012046806249821,-0.0965830682585073,0.0790000000000001
0.00325932382495053,0.0612276663314604,0.0575171481639591,0.0607526281928256,-0.0321022848387568,-0.126583068258507,0.0265
0.0832593942505133,0.0876471986013674,0.088121526839219,0.0924879832957792,0.00678243540473478,-0.0465830682585073,0.085
0.123150235505147,0.159754475394695,0.165260904067151,0.167838070760295,0.0097101352473733,0.0339891802940736,0.1765
0.163150167313258,0.190686843823526,0.195782389245782,0.198026516205634,0.0316601136377979,0.0739891802940736,0.1865
0.46315043637673,0.279838117897353,0.29113980892779,0.294595186679558,0.150374116462022,0.153808437688761,0.2695
0.0531507422845177,0.0990566346276899,0.104049609930138,0.106413369734216,-0.0546871169553226,-0.0360108197059263,0.1555
0.233150243320445,0.239033873783654,0.244696991325483,0.247643254725591,0.141386266101349,0.143989180294074,0.2625
0.0531504322216367,0.108156089146363,0.112342933311689,0.11480840460831,0.052533896785409,-0.0360108197059263,0.163
0.213150371757131,0.177059276688462,0.184073358429283,0.187238901605428,0.0301087305804077,0.0475330402957659,0.206
0.113150139285267,0.188836468833268,0.193141828478242,0.19544135711149,0.0629580450059344,0.0239891802940736,0.2025
0.0631501519209444,0.132963027595428,0.137709461064774,0.139728479720164,-0.0346481400489821,-0.0260108197059263,0.1365
0.113150583336495,0.180260459606626,0.184153051243436,0.185490221411183,0.0213702733711436,0.0239891802940736,0.1765
-0.301983495323198,-0.220179845260814,-0.221330770980347,-0.21904532083517,-0.162977413642046,-0.10906923476435,-0.14814666665
-0.181983781436354,-0.138890915231407,-0.139416723502015,-0.136260674376815,0.136911454909069,0.0109307652356498,-0.032520634904762
-0.301983606047104,-0.229699474922902,-0.233174476646712,-0.231318344453568,-0.0938858897559359,-0.10906923476435,-0.14014666665
-0.291983898983474,-0.199019095235997,-0.202375581480159,-0.200685391950389,-0.102817257220224,-0.0990692347643503,-0.12914666665
-0.301983878602435,-0.226288107401999,-0.231223654957727,-0.230021156310966,-0.0506858255862814,-0.10906923476435,-0.15064666665
